scode,hycode,companycode,sname,publishname,mkt,reporttimetypecode,combinetypecode,dataajusttype,noticedate,reportdate,sumasset,fixedasset,monetaryfund,monetaryfund_tb,accountrec,accountrec_tb,inventory,inventory_tb,sumliab,accountpay,accountpay_tb,advancereceive,advancereceive_tb,sumshequity,sumshequity_tb,tsatz,tdetz,ld,zcfzl,cashanddepositcbank,cashanddepositcbank_tb,loanadvances,loanadvances_tb,saleablefasset,saleablefasset_tb,borrowfromcbank,borrowfromcbank_tb,acceptdeposit,acceptdeposit_tb,sellbuybackfasset,sellbuybackfasset_tb,settlementprovision,settlementprovision_tb,borrowfund,borrowfund_tb,agenttradesecurity,agenttradesecurity_tb,premiumrec,premiumrec_tb,stborrow,stborrow_tb,premiumadvance,premiumadvance_tb,eutime
002052,016015,10002602,同洲电子,通讯行业,zxb,003,001,2,2014-08-27T00:00:00,2013-03-31T00:00:00,3200786339.62,359125828.53,176667399.16,-0.207913095318768,1430885281.38,0.33321965418562,433922935.76,0.433375508756962,1945999275.38,549322431.24,0.581802387510148,40135785.81,-0.0156754653565728,1254787064.24,0.111680169615257,0.205689,0.275224,0.01199236,0.6079753751,-,-,-,-,-,-,-,-,-,-,-,-,-,-,-,-,-,-,-,-,-,-,-,-,2019-07-10T12:52:39
600966,016025,10001374,博汇纸业,造纸印刷,shzb,003,001,2,2014-08-21T00:00:00,2013-03-31T00:00:00,12293796827.72,3521612489.32,627281146.42,-0.238259666504698,445099219.16,-0.0720659861922083,1246558399.48,0.143922736754608,8930066608.58,820817889.69,1.03927703442118,58817518.88,-0.430018710736126,3363730219.14,-0.0109791425426805,0.459928,0.778985,0.00984394,0.7263880096,-,-,-,-,-,-,-,-,-,-,-,-,-,-,-,-,-,-,-,-,-,-,-,-,2019-07-10T12:52:43
002436,016022,80103113,兴森科技,电子元件,zxb,003,001,2,2014-04-29T00:00:00,2013-03-31T00:00:00,2039712953.42,596178527.82,120724612.26,-0.663805330576376,310180885.64,0.25449998255082,69771608.01,0.441307223409826,420453370.97,190513057.93,0.501180041976761,5395454.42,0.115699374777302,1619259582.45,0.0641993209021255,0.207622,1.536129,0.01663142,0.2061335985,-,-,-,-,0.0,-,-,-,-,-,0.0,-,0.0,-,0.0,-,-,-,-,-,-,-,-,-,2019-07-10T12:49:48
002306,016038,80024432,ST云网,旅游酒店,,003,001,2,2014-01-30T00:00:00,2013-03-31T00:00:00,2249865777.61,342189362.29,169048691.76,-0.566645745228597,64011245.01,0.356100361170911,62942299.56,-0.0986775191536319,1077030701.43,134585443.71,0.169505324598894,161750468.23,0.0253265923753778,1172835076.18,-0.0819286117026893,0.153465,0.600272,0.0129785,0.4787088688,-,-,-,-,-,-,-,-,-,-,-,-,-,-,-,-,-,-,-,-,-,-,-,-,2019-07-10T12:47:02
603799,016032,80126332,华友钴业,有色金属,shzb,003,001,2,2013-10-28T00:00:00,2013-03-31T00:00:00,5022751701.0,1037659804.96,400852347.83,-0.289184037443169,306370708.38,0.477335155962624,1254255567.51,0.671773176067346,3227972850.3,298103931.75,0.240423028271778,11553848.44,0.40334698419346,1794778850.7,0.145414007672812,0.555248,0.941491,0.0107594,0.642670202,-,-,-,-,-,-,-,-,-,-,-,-,-,-,-,-,-,-,-,-,-,-,-,-,2019-07-10T12:42:50
000504,016048,10000846,*ST生物,环保工程,,003,001,2,2013-10-28T00:00:00,2013-03-31T00:00:00,65050845.78,1495949.08,7522301.13,-0.189823639960166,23055957.87,-0.46539868244816,517261.36,-0.60439566457151,93642682.15,12698844.86,-0.0606713680406048,9127264.62,-0.258647649825844,-28591836.37,-1.21935808915518,-0.749394,-0.275386,0.00364801,1.4395305861,-,-,-,-,-,-,-,-,-,-,-,-,-,-,-,-,-,-,-,-,-,-,-,-,2019-07-10T12:44:21
002558,016060,80167147,巨人网络,文教休闲,zxb,003,001,2,2013-10-22T00:00:00,2013-03-31T00:00:00,610133244.11,310864479.49,83120908.07,-0.705107393923112,16618756.82,1.48844080619828,13994732.64,0.407358640985815,18535108.32,5790383.98,-0.257902698422509,3101349.44,-0.521070544093996,591598135.79,0.0197885997824327,0.023496,0.157867,0.09116117,0.0303787877,-,-,-,-,-,-,-,-,-,-,-,-,-,-,-,-,-,-,-,-,-,-,-,-,2019-07-10T12:43:45
601878,016027,80000206,浙商证券,券商信托,shzb,003,001,2,2013-10-18T00:00:00,2013-03-31T00:00:00,13653990600.0,299991100.0,7376395900.0,-,-,-,-,-,8212424700.0,-,-,-,-,5441565900.0,-,-,-,-,0.6014669953,-,-,-,-,245308600.0,-,-,-,-,-,-,-,1086507100.0,-,150000000.0,-,5045625200.0,-,-,-,-,-,-,-,2017-08-05T10:18:46
001696,016008,10001014,宗申动力,交运设备,szzb,003,001,2,2013-09-28T00:00:00,2013-03-31T00:00:00,4731808612.96,602845792.83,1015378593.94,-0.169771581278565,588529531.39,-0.0642981980821983,291837862.79,0.0233360582610376,1683413629.62,528272231.43,-0.0778643473587234,45066379.98,0.602921852282262,3048394983.34,0.0212310124794176,0.030541,0.04784,0.04381864,0.3557653674,-,-,-,-,-,-,-,-,-,-,-,-,-,-,-,-,-,-,-,-,-,-,-,-,2019-07-10T12:43:34
002939,016027,80000082,长城证券,券商信托,zxb,003,001,2,2013-09-17T00:00:00,2013-03-31T00:00:00,17456426948.51,197393719.35,5634872645.67,-,-,-,-,-,10913553200.89,-,-,-,-,6542873747.62,-,-,-,-,0.6251882606,-,-,-,-,3682071434.85,-,-,-,-,-,4099060976.12,-,641593049.41,-,350000000.0,-,6027253662.44,-,-,-,-,-,-,-,2019-07-10T12:42:52
603225,016026,80154170,新凤鸣,化纤行业,shzb,003,001,2,2013-09-03T00:00:00,2013-03-31T00:00:00,5454995850.8,2342899473.51,288432106.16,-,154402812.96,-,1102054064.46,-,3231566605.56,444117842.39,-,51064833.48,-,2223429245.24,-,-,-,0.00910385,0.5924049612,-,-,-,-,-,-,-,-,-,-,-,-,-,-,-,-,-,-,-,-,-,-,-,-,2019-08-23T09:43:45
600359,016009,10000287,新农开发,农牧饲渔,shzb,003,001,2,2013-08-24T00:00:00,2013-03-31T00:00:00,2055407105.21,694162807.73,342254337.15,0.451902642550955,65029633.92,-0.72592841060497,562551012.32,-0.166839273159621,1742291778.54,179567204.39,-0.560157938468466,85790164.52,-0.522088432604001,313115326.67,0.515181521032744,-0.435591,-0.49279,0.00796349,0.8476626232,-,-,-,-,-,-,-,-,-,-,-,-,-,-,-,-,-,-,-,-,-,-,-,-,2019-07-10T12:42:12
600860,016043,10000809,京城股份,机械行业,shzb,003,001,2,2013-08-21T00:00:00,2013-03-31T00:00:00,1453648451.14,492259470.6,144337864.11,0.535280623020318,206052147.01,-0.113355066507612,413585213.46,-0.0488213645997927,868788438.04,319601139.72,0.115743310150544,84438098.57,-0.15039940622295,584860013.1,-0.238336652352141,-0.026979,0.196543,0.00977598,0.5976606224,-,-,-,-,-,-,-,-,-,-,-,-,-,-,-,-,-,-,-,-,-,-,-,-,2019-07-10T12:42:05
600165,016059,10000128,新日恒力,金属制品,shzb,003,001,2,2013-08-15T00:00:00,2013-03-31T00:00:00,2661575885.18,615295229.27,234576122.12,0.877004174482845,424274534.92,0.667151773766112,691535783.63,0.292373210502937,1571270828.77,236905064.99,0.12728470310093,82718505.03,0.334514595253147,1090305056.41,0.0481269951287154,0.357913,0.708259,0.01168874,0.5903535712,-,-,-,-,-,-,-,-,-,-,-,-,-,-,-,-,-,-,-,-,-,-,-,-,2019-07-10T12:42:00
000928,016005,10001190,中钢国际,工程建设,szzb,003,001,2,2013-08-14T00:00:00,2013-03-31T00:00:00,2493198163.91,575365243.81,108695963.12,0.769535163900152,299347048.28,0.158236634643555,1257645818.99,-0.0347119100214723,1778901449.52,281946747.57,0.69175506519015,33237608.14,-0.197392834894355,714296714.39,-0.235287299593414,-0.004855,0.132129,0.01003383,0.7135018288,-,-,-,-,40652400.0,-0.126825182034925,-,-,-,-,-,-,-,-,-,-,-,-,-,-,-,-,-,-,2019-07-10T12:41:37
300040,016020,80080336,九洲电气,输配电气,cyb,003,001,2,2013-08-07T00:00:00,2013-03-31T00:00:00,1585380238.12,159695660.95,490791880.06,2.32815688369235,447835125.35,-0.0493172434200993,153316266.21,-0.0977993613736002,309760852.1,107506183.36,0.105308851613321,17757693.35,-0.294404065180745,1275619386.02,0.387825513917399,0.258491,-0.090538,0.05781523,0.1953858416,-,-,-,-,-,-,-,-,-,-,-,-,-,-,-,-,-,-,-,-,-,-,-,-,2019-07-10T12:41:35
600385,016057,10000308,*ST金泰,软件服务,,003,001,2,2013-08-07T00:00:00,2013-03-31T00:00:00,25382365.11,8424904.37,84774.81,12.3105578749535,167210.21,-0.811041788223867,2187968.69,-0.64633627456667,311911392.51,4429854.18,-0.0914885572016577,6386971.29,-0.0525644135639808,-286529027.4,-0.014029278085508,-0.324122,-0.025641,0.00011836,12.2885078344,-,-,-,-,-,-,-,-,-,-,-,-,-,-,-,-,-,-,-,-,-,-,-,-,2019-07-10T12:42:40
002702,016012,80161075,海欣食品,食品饮料,zxb,003,001,2,2013-07-29T00:00:00,2013-03-31T00:00:00,927119163.85,122055735.4,518746133.85,-,110652833.74,-,105360070.77,-,123240464.65,58706573.15,-,11784280.98,-,803878699.2,-,-,-,0.06216372,0.1329283974,-,-,-,-,-,-,-,-,-,-,-,-,-,-,-,-,-,-,-,-,-,-,-,-,2019-07-10T12:41:27
300498,016009,80060671,温氏股份,农牧饲渔,cyb,003,001,2,2013-07-22T00:00:00,2013-03-31T00:00:00,22954770288.04,4861869377.82,1401724199.42,0.106217333109206,114429028.81,0.0733019881333059,6858648484.31,0.253752800725119,8263501057.8,1053377294.68,0.60254257856224,91981384.24,0.0670641141557457,14691269230.25,0.269640142407354,0.341073,0.490122,0.01602645,0.3599905795,-,-,-,-,618546000.0,-,-,-,-,-,-,-,-,-,-,-,-,-,-,-,-,-,-,-,2019-07-10T12:41:26
600025,016007,80075711,华能水电,电力行业,shzb,003,001,2,2013-07-18T00:00:00,2013-03-31T00:00:00,116076427495.77,65763323564.96,2862763287.11,1.02448082502432,1684657665.74,0.799399333809055,87159782.9,-0.521596746821321,93443103626.9,84654483.19,-0.417703097047152,5066500.03,-0.608401920128307,22633323868.87,0.119420600113928,0.18866,0.206739,0.00248388,0.8050136074,-,-,-,-,-,-,-,-,-,-,-,-,-,-,-,-,-,-,-,-,-,-,-,-,2019-07-10T12:41:25
600900,016007,10001317,长江电力,电力行业,shzb,003,001,2,2013-07-11T00:00:00,2013-03-31T00:00:00,156072017938.0,133786173173.05,2701600263.22,0.176450741871932,1391940832.5,-0.0373224122136664,433287658.63,0.27232150743073,80572066303.31,83526478.07,0.596934402232477,30474973.73,0.0972651412036298,75499951634.69,0.0936549721260005,0.00261,-0.069942,0.00115519,0.5162492762,-,-,-,-,6037879743.05,0.0244249346209181,-,-,-,-,-,-,-,-,-,-,-,-,-,-,-,-,-,-,2019-07-10T12:41:24
603299,016041,80185630,苏盐井神,化工行业,shzb,003,001,2,2013-07-11T00:00:00,2013-03-31T00:00:00,4292331265.27,2138851066.56,266259528.57,-,270186210.72,-,326541503.75,-,2760439397.4,257719638.4,-,23630927.21,-,1531891867.87,-,-,-,0.00693779,0.6431095894,-,-,-,-,-,-,-,-,-,-,-,-,-,-,-,-,-,-,-,-,-,-,-,-,2019-07-10T12:41:24
600581,016033,10000390,八一钢铁,钢铁行业,shzb,003,001,2,2013-07-06T00:00:00,2013-03-31T00:00:00,21018807153.4,7858079486.26,185342170.71,-0.453260720614586,136661992.75,0.220456359837008,3583552921.61,0.0318092229709985,17291447755.12,3984893951.1,2.58249319998107,1374386504.94,-0.582098630134682,3727359398.28,0.0115593743225358,0.402035,0.529286,0.00479088,0.8226655123,-,-,-,-,-,-,-,-,-,-,-,-,-,-,-,-,-,-,-,-,-,-,-,-,2019-07-10T12:41:23
000837,016043,10001128,秦川机床,机械行业,szzb,003,001,2,2013-07-05T00:00:00,2013-03-31T00:00:00,2213185107.14,610527667.28,307324224.71,0.372774511371747,252833656.75,0.439283503597468,652634908.68,-0.0368459139560116,1056252622.41,229054531.96,-0.0240689751062217,94955227.23,-0.432342034665439,1156932484.73,-0.00977802062815608,0.074989,0.186212,0.03018694,0.4772545319,-,-,-,-,10300603.1,0.147306089223377,-,-,-,-,-,-,-,-,-,-,-,-,-,-,-,-,-,-,2019-07-10T12:41:22
600959,016039,80116616,江苏有线,文化传媒,shzb,003,001,2,2013-07-04T00:00:00,2013-03-31T00:00:00,13265454513.44,7594716250.11,1802327193.75,0.148820248577296,274581161.15,0.812466536237123,197321539.94,-0.0529893990538991,4638196798.93,1054366473.07,0.282414743989494,1384021730.16,0.278294392120252,8627257714.51,0.0872961178478837,0.112722,0.163323,0.00581962,0.3496447705,-,-,-,-,-,-,-,-,-,-,-,-,-,-,-,-,-,-,-,-,-,-,-,-,2019-07-10T12:41:23
002082,016032,80080274,万邦德,有色金属,zxb,003,001,2,2013-06-21T00:00:00,2013-03-31T00:00:00,1704584807.92,525270452.73,191468918.82,0.145817665911018,262176971.25,0.594895929812634,305333225.11,0.0281534587326068,588678837.95,72792950.67,0.348104773454652,151376070.39,3.1266570842373,1115905969.97,0.0411402442601822,0.127096,0.336215,0.01948005,0.3453502784,-,-,-,-,-,-,-,-,-,-,-,-,-,-,-,-,-,-,-,-,-,-,-,-,2019-07-10T12:39:44
600756,016057,10000705,浪潮软件,软件服务,shzb,003,001,2,2013-06-08T00:00:00,2013-03-31T00:00:00,1269127525.34,4476500.82,313162486.08,0.0110553291790945,295155138.3,0.384173956547059,149023906.37,0.055599913885932,548916188.28,357176893.73,0.461944461983399,97560849.15,0.56768995393315,720211337.06,-0.0447234895344871,0.12091,0.451006,0.01635763,0.4325146034,-,-,-,-,-,-,-,-,-,-,-,-,-,-,-,-,-,-,-,-,-,-,-,-,2019-07-10T12:39:44
601225,016011,80139859,陕西煤业,煤炭采选,shzb,003,001,2,2013-06-06T00:00:00,2013-03-31T00:00:00,85843574490.09,29901887304.32,11205614029.59,-,5420666681.7,-,1937611817.25,-,44691073889.5,8000783237.54,-,2049965805.49,-,41152500600.59,-,-,-,0.00815461,0.5206105891,-,-,-,-,0.0,-,-,-,-,-,-,-,-,-,-,-,-,-,-,-,-,-,-,-,2019-07-10T12:46:26
300184,016022,80076281,力源信息,电子元件,cyb,003,001,2,2013-06-06T00:00:00,2013-03-31T00:00:00,502018470.6,4601901.04,179728247.98,-0.373774133957768,30645571.44,0.290603396753,170961312.22,0.322413099385495,48616077.91,40043379.04,0.711550938461941,279434.56,0.15838173110553,453402392.69,-0.00478023897979332,0.042353,0.866947,0.08376815,0.0968412135,-,-,-,-,-,-,-,-,-,-,-,-,-,-,-,-,-,-,-,-,-,-,-,-,2019-07-10T12:39:44
002635,016022,80187276,安洁科技,电子元件,zxb,003,001,2,2013-05-15T00:00:00,2013-03-31T00:00:00,1283983236.22,183424810.29,594821242.76,-0.1179338163955,228393891.4,0.72726377339395,80206523.04,0.322396407604835,139247645.56,64728622.44,0.364725337868545,653446.66,9.35695763032486,1144735590.66,0.1745196434322,0.251375,1.708247,0.07809191,0.108449738,-,-,-,-,-,-,-,-,-,-,-,-,-,-,-,-,-,-,-,-,-,-,-,-,2019-07-10T12:39:41
600903,016006,80131210,贵州燃气,公用事业,shzb,003,001,2,2013-05-07T00:00:00,2013-03-31T00:00:00,2508408925.08,713485781.73,261869791.18,-,188766463.0,-,321780684.76,-,1977854273.23,145234889.65,-,487735729.92,-,530554651.85,-,-,-,0.00980161,0.7884895694,-,-,-,-,-,-,-,-,-,-,-,-,-,-,-,-,-,-,-,-,-,-,-,-,2019-07-10T12:46:18
601968,016053,80305773,宝钢包装,包装材料,shzb,003,001,2,2013-04-28T00:00:00,2013-03-31T00:00:00,3689526164.83,1711124922.86,177044861.17,-,508904424.51,-,632849889.05,-,2414327771.41,399374969.15,-,46086368.71,-,1275198393.42,-,-,-,0.00779932,0.6543733974,-,-,-,-,-,-,-,-,-,-,-,-,-,-,-,-,-,-,-,-,-,-,-,-,2019-07-10T12:46:22
603786,016035,80170445,科博达,汽车行业,shzb,003,001,2,2013-04-28T00:00:00,2013-03-31T00:00:00,922960015.4,263469052.46,97573347.71,0.945228507170849,216401657.52,1.27406552478889,207860980.59,1.72234929226813,569534535.34,200027375.71,1742.65180299431,1189126.46,-,353425480.06,0.534199916358238,0.623397,0.684159,0.01046938,0.617073899,-,-,-,-,-,-,-,-,-,-,-,-,-,-,-,-,-,-,-,-,-,-,-,-,2019-07-10T13:20:02
002831,016025,80304368,裕同科技,造纸印刷,zxb,003,001,2,2013-04-28T00:00:00,2013-03-31T00:00:00,1996972065.42,518480658.44,275583517.66,0.254185621145732,693231863.91,0.059774564788044,214931241.93,-0.286226222785347,1041121889.85,240551824.09,-0.366393381733456,1051638.15,0.0237975522157238,955850175.57,0.205626231633007,0.027051,-0.095895,0.01275279,0.5213502522,-,-,-,-,-,-,-,-,-,-,-,-,-,-,-,-,-,-,-,-,-,-,-,-,2019-07-10T12:46:16
002941,016005,80329323,新疆交建,工程建设,zxb,003,001,2,2013-04-28T00:00:00,2013-03-31T00:00:00,2366650394.69,117034134.2,404429234.43,-,143563380.82,-,247496577.97,-,1976705414.55,214084982.36,-,641620769.0,-,389944980.14,-,-,-,0.01242789,0.8352333826,-,-,-,-,-,-,-,-,-,-,-,-,-,-,-,-,-,-,-,-,-,-,-,-,2019-07-10T12:46:22
603056,016003,80279273,德邦股份,交运物流,shzb,003,001,2,2013-04-28T00:00:00,2013-03-31T00:00:00,2065140051.86,861424114.36,370622675.69,2.56225332238234,158590539.8,0.0746962406945599,7241667.36,-0.119648954241163,965248697.84,157044264.73,2.0829381244796,21345164.53,14.3496715454491,1099891354.02,0.267563772482767,0.165455,0.067469,0.01394911,0.4674010835,-,-,-,-,-,-,-,-,-,-,-,-,-,-,-,-,-,-,-,-,-,-,-,-,2019-07-10T12:46:13
002709,016041,80145784,天赐材料,化工行业,zxb,003,001,2,2013-04-28T00:00:00,2013-03-31T00:00:00,671345745.73,253876768.22,66855281.94,0.111980297311121,136853566.48,0.1120291986071,86718575.31,-0.0763094057733733,162309893.8,56593654.76,0.295409724194857,1001965.04,-,509035851.93,0.159655198418249,0.147186,0.109763,0.02005362,0.2417679636,-,-,-,-,-,-,-,-,-,-,-,-,-,-,-,-,-,-,-,-,-,-,-,-,2019-07-10T12:46:12
300388,016048,80030911,国祯环保,环保工程,cyb,003,001,2,2013-04-28T00:00:00,2013-03-31T00:00:00,1931508832.92,80752478.23,138640253.53,-,161215180.79,-,22299856.47,-,1461728574.7,123977917.82,-,5541129.11,-,469780258.22,-,-,-,0.00566734,0.7567806835,-,-,-,-,-,-,-,-,-,-,-,-,-,-,-,-,-,-,-,-,-,-,-,-,2019-07-10T12:46:12
601200,016048,80098919,上海环境,环保工程,shzb,003,001,2,2013-04-28T00:00:00,2013-03-31T00:00:00,4516646215.41,147579006.3,216851073.85,-0.278159020069382,88342902.86,0.253770413534973,49586833.79,0.476703730259784,2455625427.82,166593178.34,0.202986460759359,178571.4,-0.97257191721092,2061020787.59,0.0220450881727382,0.074843,0.123559,0.01022583,0.5436833683,-,-,-,-,-,-,-,-,-,-,-,-,-,-,-,-,-,-,-,-,-,-,-,-,2019-07-10T12:45:42
601615,016061,80192552,明阳智能,专用设备,shzb,003,001,2,2013-04-28T00:00:00,2013-03-31T00:00:00,10202795723.0,768462619.0,663444480.0,-0.700133546022838,4611813059.0,0.152050148157793,1779810512.0,-0.027347034442603,7208577733.0,1675588146.0,0.05639503741416,671276371.0,-0.20513250379464,2994217990.0,-0.0240957383261371,-0.028643,-0.03052,0.01453542,0.7065296541,-,-,-,-,-,-,-,-,-,-,-,-,-,-,-,-,-,-,-,-,-,-,-,-,2019-07-10T12:45:49
000333,016019,80003301,美的集团,家电行业,szzb,003,001,2,2013-04-28T00:00:00,2013-03-31T00:00:00,99241522330.0,19954668920.0,17532965670.0,0.678340090965216,14390162220.0,0.204519326324439,12139744800.0,-0.215725516166631,64240490150.0,18044525310.0,-0.0529342711389015,5136457140.0,-0.348153175822324,35001032180.0,0.174177089506946,0.047075,-0.01124,0.01091699,0.6473146385,-,-,-,-,837480.0,-0.965252978876211,-,-,-,-,-,-,-,-,-,-,-,-,-,-,-,-,-,-,2019-07-10T12:45:42
600990,016022,10001361,四创电子,电子元件,shzb,003,001,2,2013-04-27T00:00:00,2013-03-31T00:00:00,1145283290.87,148480945.54,88752663.58,0.665119987913366,421369087.79,-0.0691173512511052,249122081.86,0.000893746210503684,666373620.14,327048337.97,-0.127440779344058,30312677.56,-0.299978928871436,478909670.73,0.0827072162637481,0.022797,-0.016321,0.01376095,0.5818417377,-,-,-,-,-,-,-,-,-,-,-,-,-,-,-,-,-,-,-,-,-,-,-,-,2019-07-10T12:39:14
600462,016022,10001301,*ST九有,电子元件,,003,001,2,2013-04-27T00:00:00,2013-03-31T00:00:00,473653500.02,171056181.93,159637862.97,11.5087626054102,16990083.13,0.727497296662977,74593985.06,0.0246102275131574,167148668.56,124671331.35,-0.47996722004644,3049546.2,-0.948738356095043,306504831.46,1.36287051605886,-0.217187,-0.884704,0.01832684,0.3528922906,-,-,-,-,-,-,-,-,-,-,-,-,-,-,-,-,-,-,-,-,-,-,-,-,2019-07-10T12:39:12
601519,016057,80134304,大智慧,软件服务,shzb,003,001,2,2013-04-27T00:00:00,2013-03-31T00:00:00,2996849427.12,483580840.06,1843625334.14,-0.219522962530713,37161498.21,-0.00612726668227752,275887.95,-,176804720.18,27527927.05,0.771377425739076,127822215.82,0.253199103114029,2820044706.94,-0.126510142797485,-0.107833,0.35393,0.12320119,0.0589968647,-,-,-,-,556436.4,0.00358192545266448,-,-,-,-,-,-,-,-,-,-,-,-,-,-,-,-,-,-,2019-07-10T12:39:15
600855,016055,10000804,航天长峰,安防设备,shzb,003,001,2,2013-04-27T00:00:00,2013-03-31T00:00:00,1407900122.74,55165230.97,378952351.69,-0.290106154089939,318901526.26,0.174567476342622,257809552.09,0.142166330958201,571400484.25,383700150.2,0.355456972133476,108856982.94,0.198467507268688,836499638.49,0.0504404696549404,0.096851,0.1727,0.01971873,0.405852997,-,-,-,-,26811675.0,0.0129032258064516,-,-,-,-,-,-,-,-,-,-,-,-,-,-,-,-,-,-,2019-07-10T12:39:14
600973,016020,10001414,宝胜股份,输配电气,shzb,003,001,2,2013-04-27T00:00:00,2013-03-31T00:00:00,6340979792.5,649769486.03,1208061463.99,0.0287494077061298,2537549748.72,0.228530382900456,792630090.67,0.244549389788827,4342966521.18,479021532.75,0.412138019830178,329371722.19,-0.122944815956818,1998013271.32,0.106603234858856,0.227045,0.291725,0.01379447,0.6849046462,-,-,-,-,-,-,-,-,-,-,-,-,-,-,-,-,-,-,-,-,-,-,-,-,2019-07-10T12:39:14
600320,016043,10000573,振华重工,机械行业,shzb,003,001,2,2013-04-27T00:00:00,2013-03-31T00:00:00,49559421582.0,13629971976.0,3045329180.0,0.172163274025971,3314640150.0,-0.170902450002885,8194473686.0,0.305792726129786,35095690425.0,2289311960.0,0.259760665356489,1594445641.0,11.601063986504,14463731157.0,-0.0592836128369212,0.121389,0.217779,0.011195,0.7081537537,-,-,-,-,121577420.0,0.182473258035156,-,-,-,-,-,-,-,-,-,-,-,-,-,-,-,-,-,-,2019-07-10T12:39:12
601808,016023,80071741,中海油服,石油行业,shzb,003,001,2,2013-04-27T00:00:00,2013-03-31T00:00:00,74617325348.0,38530340773.0,11681350326.0,0.631964220117422,5893148247.0,0.227327093448905,1018795952.0,0.0511384086737133,41221625344.0,3665087066.0,0.13554595006543,6247640.0,0.188690578456482,33395700004.0,0.126329568692329,0.148895,0.167849,0.0323587,0.5524404038,-,-,-,-,-,-,-,-,-,-,-,-,-,-,-,-,-,-,-,-,-,-,-,-,2019-07-10T12:39:15
603993,016032,80095442,洛阳钼业,有色金属,shzb,003,001,2,2013-04-27T00:00:00,2013-03-31T00:00:00,16237783028.61,3546238921.49,2842721335.05,-0.134007325041028,797334746.9,0.0408146717519714,1149425248.31,-0.264382570614211,3637897810.26,255012540.12,-0.460749209906281,82419597.11,-0.301983682815225,12599885218.35,0.089661454259698,0.060406,-0.029809,0.0523681,0.2240390701,-,-,-,-,-,-,-,-,-,-,-,-,-,-,-,-,-,-,-,-,-,-,-,-,2019-07-10T12:39:16
601011,016011,80168888,宝泰隆,煤炭采选,shzb,003,001,2,2013-04-27T00:00:00,2013-03-31T00:00:00,4983481845.13,1863447988.78,270766087.29,-0.536557596068878,135192193.6,1.09246254778246,549807035.35,0.0291395928381793,2122282721.44,67557420.52,-0.405518301759909,62054610.76,-0.204031642282232,2861199123.69,-0.0360842768113091,0.125723,0.455006,0.01240416,0.4258634399,-,-,-,-,-,-,-,-,-,-,-,-,-,-,-,-,-,-,-,-,-,-,-,-,2019-07-10T12:39:14
600158,016060,10000122,中体产业,文教休闲,shzb,003,001,2,2013-04-27T00:00:00,2013-03-31T00:00:00,3486637873.42,151901765.23,620452513.96,-0.112694103030068,57040647.99,1.63518965015779,1827044618.21,0.0418946546872704,1822587723.02,406890039.0,1.66987188488213,441441729.41,-0.439868730062801,1664050150.4,0.0820809649309733,0.023868,-0.024067,0.0178147,0.5227350213,-,-,-,-,-,-,-,-,-,-,-,-,-,-,-,-,-,-,-,-,-,-,-,-,2019-07-10T12:39:09
603767,016035,80197066,中马传动,汽车行业,shzb,003,001,2,2013-04-27T00:00:00,2013-03-31T00:00:00,923665705.48,325391981.5,65045875.64,-0.552826300604728,181965059.54,0.0404635854058301,105148571.43,0.121270451453523,502473227.91,101152503.16,-0.0436124363831227,-,-,421192477.57,0.253394709821678,-0.087826,-0.257308,0.0105031,0.5439990084,-,-,-,-,-,-,-,-,-,-,-,-,-,-,-,-,-,-,-,-,-,-,-,-,2019-07-10T12:45:43
600350,016002,10000280,山东高速,高速公路,shzb,003,001,2,2013-04-27T00:00:00,2013-03-31T00:00:00,32002942326.0,9604218806.0,957997349.0,-0.419138773715249,1876040.0,-0.285282699714653,9420577981.0,4.56495407204126,12658081898.0,917641796.0,1.37515322094725,224104454.0,8.63257689091442,19344860428.0,0.147018125561528,0.320324,0.716733,0.02569182,0.3955286914,-,-,-,-,-,-,-,-,-,-,-,-,-,-,-,-,-,-,-,-,-,-,-,-,2019-07-10T12:39:12
600620,016042,10000427,天宸股份,综合行业,shzb,003,001,2,2013-04-27T00:00:00,2013-03-31T00:00:00,1121530919.21,26456289.15,469869075.25,0.362505536028026,2557525.0,1.21759208358146,32497307.85,-0.101270815144544,299208598.88,9241819.36,-0.468352833320107,5122217.8,0.0738197665465409,822322320.33,0.252875072912356,0.178091,0.012065,0.02213678,0.2667858672,-,-,-,-,146181.88,-0.998397854016162,-,-,-,-,-,-,-,-,-,-,-,-,-,-,-,-,-,-,2019-07-10T12:39:07
600182,016035,10000144,S佳通,汽车行业,shzb,003,001,2,2013-04-27T00:00:00,2013-03-31T00:00:00,3935844025.65,1242470878.59,210537643.11,1.53483820121994,1831761167.62,0.190133935137001,495316416.07,0.0312282916846683,2248169731.54,238856084.83,0.231642235445687,1052752.74,-0.343084736382229,1687674294.11,0.237695066563272,0.101985,0.018178,0.01460043,0.5712039697,-,-,-,-,-,-,-,-,-,-,-,-,-,-,-,-,-,-,-,-,-,-,-,-,2019-07-10T12:39:11
600308,016025,10000251,华泰股份,造纸印刷,shzb,003,001,2,2013-04-27T00:00:00,2013-03-31T00:00:00,17327819666.0,9686337948.06,1192846943.91,-0.211582629681636,1218163316.71,-0.0131631863729706,1599144042.9,-0.0298061488823894,10842286704.44,1586233102.86,-0.0627791363694488,199743041.79,0.240086531845918,6485532961.56,-0.00103138392833413,-0.01066,-0.016331,0.00844007,0.6257155784,-,-,-,-,-,-,-,-,-,-,-,-,-,-,-,-,-,-,-,-,-,-,-,-,2019-07-10T12:39:06
600864,016027,10000813,哈投股份,券商信托,shzb,003,001,2,2013-04-27T00:00:00,2013-03-31T00:00:00,5901616101.3,1382041279.05,825002202.45,1.60382227437102,44555458.64,0.424743720981466,133518859.56,0.243765827848889,2377452621.0,307113316.16,1.07544566140732,156448300.69,-0.0209880994868592,3524163480.3,0.356135368387618,0.485087,0.728756,0.01082991,0.4028477251,-,-,-,-,2846176275.92,0.488088695314972,-,-,-,-,-,-,-,-,-,-,-,-,-,-,-,-,-,-,2019-07-10T12:39:06
600469,016035,10001312,风神股份,汽车行业,shzb,003,001,2,2013-04-27T00:00:00,2013-03-31T00:00:00,7933060100.46,2852887034.28,730694222.79,-0.263674250351036,1628535550.28,0.14746246743179,945730485.92,-0.182450437306249,5628823932.3,2037983548.56,0.182083863982065,152598588.74,-0.279114788162501,2304236168.16,0.0920294062839177,-0.012748,-0.050059,0.00978026,0.7095400591,-,-,-,-,46822508.96,0.396043946773449,-,-,-,-,-,-,-,-,-,-,-,-,-,-,-,-,-,-,2019-07-10T12:39:13
600323,016006,10000264,瀚蓝环境,公用事业,shzb,003,001,2,2013-04-27T00:00:00,2013-03-31T00:00:00,4691681021.25,1107796155.66,654486744.84,1.13325553704446,59395869.77,-0.161022079840362,23691538.78,-0.0452724621742839,2345019960.26,257945414.19,0.0178366283098766,25629599.75,0.115092389814497,2346661060.99,0.503409873948873,0.186338,-0.020405,0.00988865,0.4998251053,-,-,-,-,-,-,-,-,-,-,-,-,-,-,-,-,-,-,-,-,-,-,-,-,2019-07-10T12:39:12
600876,016044,10000825,洛阳玻璃,玻璃陶瓷,shzb,003,001,2,2013-04-27T00:00:00,2013-03-31T00:00:00,1272570918.17,523478487.34,211036338.43,-0.19934244156794,74254673.7,-0.0035577120781365,222791337.58,0.0186337480098499,1229376068.96,210064052.57,-0.161527234640406,38153713.84,-0.429020899503753,43194849.21,0.123376237528015,-0.082759,-0.088635,0.00871815,0.96605702,-,-,-,-,-,-,-,-,-,-,-,-,-,-,-,-,-,-,-,-,-,-,-,-,2019-07-10T12:39:14
600243,016043,10000200,青海华鼎,机械行业,shzb,003,001,2,2013-04-27T00:00:00,2013-03-31T00:00:00,2116314705.24,440376769.24,222589890.28,-0.241303090093689,368787231.19,-0.0580564420016331,489251350.89,-0.0530452822341006,1339574866.99,273193174.18,-0.0421031758391893,85438147.11,-0.519270968004636,776739838.25,-0.06264760011886,-0.002189,0.036578,0.01551363,0.6329752677,-,-,-,-,-,-,-,-,-,-,-,-,-,-,-,-,-,-,-,-,-,-,-,-,2019-07-10T12:39:06
600161,016024,10000125,天坛生物,医药制造,shzb,003,001,2,2013-04-27T00:00:00,2013-03-31T00:00:00,5007919976.17,762572619.32,348631948.09,0.735815389584201,405069957.43,0.175243342569895,814941836.67,0.388476732020454,3179257573.5,58815432.57,1.65205487374877,35998503.69,-0.474160003174102,1828662402.67,0.192723646280103,0.494458,0.748946,0.00952414,0.6348459218,-,-,-,-,-,-,-,-,-,-,-,-,-,-,-,-,-,-,-,-,-,-,-,-,2019-07-10T12:39:11
600649,016017,10000456,城投控股,房地产,shzb,003,001,2,2013-04-27T00:00:00,2013-03-31T00:00:00,27929804159.81,301893038.66,1050403547.36,-0.214934384706492,203543558.99,-0.0060049368029347,13131160846.13,-0.0190052543330367,13006148856.02,1691181621.14,0.472756670141666,940385338.13,-0.609872674936057,14923655303.79,0.0463712505097937,-0.00605,-0.060081,0.01743061,0.4656727552,-,-,-,-,1350464690.75,0.124433735340124,-,-,-,-,-,-,-,-,-,-,-,-,-,-,-,-,-,-,2019-07-10T12:39:06
600695,016058,10000502,绿庭投资,多元金融,shzb,003,001,2,2013-04-27T00:00:00,2013-03-31T00:00:00,610084396.53,135666265.65,159714464.28,1.085795822087,34607681.46,-0.247479874412759,22069436.89,-0.722657741580317,226948615.97,46153626.54,0.6575615176232,15958315.02,-0.550694209480904,383135780.56,0.487322000222614,-0.003665,-0.360217,0.01204491,0.371995444,-,-,-,-,-,-,-,-,-,-,-,-,-,-,-,-,-,-,-,-,-,-,-,-,2019-07-10T12:39:13
000692,016006,10001011,惠天热电,公用事业,szzb,003,001,2,2013-04-27T00:00:00,2013-03-31T00:00:00,2893866334.58,1685693250.28,145227524.04,-0.636435994019083,233261582.98,-0.0239735865931042,111029463.25,-0.711482921959818,1639240052.64,644803297.77,1.30205465707244,50926258.2,-0.409052348192013,1254626281.94,0.00513780195588176,-0.052079,-0.091654,0.00480912,0.5664532715,-,-,-,-,-,-,-,-,-,-,-,-,-,-,-,-,-,-,-,-,-,-,-,-,2019-07-10T12:39:05
000066,016014,10000651,中国长城,电子信息,szzb,003,001,2,2013-04-27T00:00:00,2013-03-31T00:00:00,39291383641.77,3989003049.74,2815312165.72,0.747791230097522,10991667476.06,-0.0904580459077788,12213365087.28,0.633851371983401,29058493269.53,15770340878.44,0.165921497590817,76109497.14,-0.520125257070948,10232890372.24,-0.0083095863510725,0.258066,0.389499,0.01186036,0.7395640106,-,-,-,-,54348892.67,0.694515802715683,-,-,-,-,-,-,-,-,-,-,-,-,-,-,-,-,-,-,2019-07-10T12:39:06
600301,016041,10000245,ST南化,化工行业,,003,001,2,2013-04-27T00:00:00,2013-03-31T00:00:00,2282710551.27,1140176570.73,270622115.76,-0.552465345232533,35344269.13,0.000912458821129919,84946329.01,0.028697479486009,2057047277.77,334540935.36,0.167559706539395,60198942.32,-0.0224799549729209,225663273.5,-0.58804053169928,-0.154515,-0.044169,0.00652428,0.9011424057,-,-,-,-,-,-,-,-,-,-,-,-,-,-,-,-,-,-,-,-,-,-,-,-,2019-07-10T12:39:11
600985,016011,10001360,淮北矿业,煤炭采选,shzb,003,001,2,2013-04-27T00:00:00,2013-03-31T00:00:00,1211806494.88,355304128.68,165700483.1,0.326906333446427,103861811.91,0.00355778352980111,76925893.9,0.210724203027776,204347121.52,78526062.09,0.0718056034396782,18324602.83,0.313023090896778,1007459373.36,0.904114903901789,0.785032,0.364359,0.02428239,0.1686301587,-,-,-,-,-,-,-,-,-,-,-,-,-,-,-,-,-,-,-,-,-,-,-,-,2019-07-10T12:39:07
000662,016057,10000984,天夏智慧,软件服务,szzb,003,001,2,2013-04-27T00:00:00,2013-03-31T00:00:00,919325560.47,283391845.9,187389994.78,3.6774769377878,145105044.1,-0.162839816444327,87999040.97,-0.58650815136106,266662565.59,50810444.56,-0.159058045931559,72224093.32,0.542127155414866,652662994.88,-0.135858609460047,-0.24034,-0.413808,0.01949588,0.2900632562,-,-,-,-,-,-,-,-,-,-,-,-,-,-,-,-,-,-,-,-,-,-,-,-,2019-07-10T12:39:06
600883,016004,10000832,博闻科技,水泥建材,shzb,003,001,2,2013-04-27T00:00:00,2013-03-31T00:00:00,748594404.08,24553376.88,62251474.61,-0.225685406500817,30994736.53,-0.0799700466452799,7998430.84,0.0837360752581345,54621352.7,2503009.2,-0.157001918350773,175951.52,-0.649689834335682,693973051.38,0.0147535871193133,0.016837,0.044075,0.0876005,0.0729652164,-,-,-,-,-,-,-,-,-,-,-,-,-,-,-,-,-,-,-,-,-,-,-,-,2019-07-10T12:39:14
600979,016006,10001435,广安爱众,公用事业,shzb,003,001,2,2013-04-27T00:00:00,2013-03-31T00:00:00,4012052193.49,2345658425.11,565470206.03,0.394952285274214,53939611.14,0.486396729330001,58652327.84,0.810566462936633,2256336016.03,68840439.39,0.0152980123806106,132659833.13,0.934252039586884,1755716177.46,0.471707873456913,0.20322,0.053648,0.00705222,0.5623894972,-,-,-,-,-,-,-,-,-,-,-,-,-,-,-,-,-,-,-,-,-,-,-,-,2019-07-10T12:39:07
600242,016057,10000199,中昌数据,软件服务,shzb,003,001,2,2013-04-27T00:00:00,2013-03-31T00:00:00,2557623942.66,1265900752.25,252785459.77,0.862069612120209,233755162.68,1.32227515025022,77815626.71,1.86175552916725,2168074223.87,312854750.99,4.48758553554162,1239869.34,-0.957041997794528,389549718.79,0.0675368460971525,0.236704,0.272948,0.00511809,0.8476907757,-,-,-,-,-,-,-,-,-,-,-,-,-,-,-,-,-,-,-,-,-,-,-,-,2019-07-10T12:39:11
600220,016010,10000178,江苏阳光,纺织服装,shzb,003,001,2,2013-04-27T00:00:00,2013-03-31T00:00:00,4111211993.7,2215463176.77,380007901.6,-0.187724980292173,176510232.18,-0.428379039030754,372214689.8,-0.0202895992382879,2275984854.82,155055700.77,-0.331164570670098,90845123.64,-0.334419509492699,1835227138.88,-0.439848204938018,-0.269887,-0.033396,0.00674728,0.5536043528,-,-,-,-,-,-,-,-,-,-,-,-,-,-,-,-,-,-,-,-,-,-,-,-,2019-07-10T12:39:11
600326,016004,10000265,西藏天路,水泥建材,shzb,003,001,2,2013-04-27T00:00:00,2013-03-31T00:00:00,2641130162.23,623422016.86,403127101.43,0.152862216553828,319157887.75,0.0705049531495019,600066365.1,0.391677236922308,1303357275.93,253345397.54,0.68370036118656,181443075.08,0.565932943588947,1337772886.3,-0.0377624967139722,0.160123,0.470522,0.01452815,0.4934846811,-,-,-,-,-,-,-,-,-,-,-,-,-,-,-,-,-,-,-,-,-,-,-,-,2019-07-10T12:39:12
600467,016009,10001342,好当家,农牧饲渔,shzb,003,001,2,2013-04-27T00:00:00,2013-03-31T00:00:00,3983556945.26,1852829885.07,308702846.53,-0.629886842473759,60959537.78,0.0849020749497525,1228907510.19,0.324741927406254,1054733645.2,95774830.41,-0.278431858233292,22419268.39,17.3477777885897,2928823300.06,0.0501661982752691,0.085104,0.195552,0.01675773,0.2647718257,-,-,-,-,-,-,-,-,-,-,-,-,-,-,-,-,-,-,-,-,-,-,-,-,2019-07-10T12:39:13
600037,016039,10000021,歌华有线,文化传媒,shzb,003,001,2,2013-04-27T00:00:00,2013-03-31T00:00:00,10370548675.74,5316631909.52,3294495116.23,0.0604676375859281,81363374.98,0.322763468011244,101481916.85,-0.287600435941969,4818100116.24,309405713.8,-0.522296262218587,491785302.83,-0.10404286451176,5552448559.5,0.0368978819669176,-0.037677,-0.111332,0.03262361,0.4645945231,-,-,-,-,-,-,-,-,-,-,-,-,-,-,-,-,-,-,-,-,-,-,-,-,2019-07-10T12:39:08
600392,016032,10001275,盛和资源,有色金属,shzb,003,001,2,2013-04-27T00:00:00,2013-03-31T00:00:00,1129448268.13,82627768.84,447228157.25,4.84943337603663,108861583.73,-0.170951631081487,204279192.82,0.451022402181028,195233622.89,48165857.0,-0.525603919603205,12337319.49,-0.324976471946641,934214645.24,3.01655116780045,0.221328,-0.717944,0.07919949,0.1728575167,-,-,-,-,-,-,-,-,-,-,-,-,-,-,-,-,-,-,-,-,-,-,-,-,2019-07-10T12:39:06
600186,016012,10000147,*ST莲花,食品饮料,,003,001,2,2013-04-27T00:00:00,2013-03-31T00:00:00,2753283559.41,715990925.33,50436520.66,0.879293196301941,555977044.0,0.027078712708435,233992285.6,-0.134526345334479,1911490830.67,422957240.34,-0.112458115929381,67011975.89,-0.00252997603763904,841792728.74,0.059496845644874,-0.048359,-0.089191,0.00677312,0.694258615,-,-,-,-,-,-,-,-,-,-,-,-,-,-,-,-,-,-,-,-,-,-,-,-,2019-07-10T12:39:11
600562,016043,10001252,国睿科技,机械行业,shzb,003,001,2,2013-04-27T00:00:00,2013-03-31T00:00:00,646605179.1,214900505.42,50700689.68,1.12826887499143,53477628.54,0.204962465472805,191554090.75,-0.0443739322997198,306857501.77,21771983.3,-0.126152491138992,4391786.42,-0.139313960279407,339747677.33,0.0106780813602661,0.064224,0.130541,0.01084902,0.4745670336,-,-,-,-,-,-,-,-,-,-,-,-,-,-,-,-,-,-,-,-,-,-,-,-,2019-07-10T12:39:13
600769,016005,10000718,祥龙电业,工程建设,shzb,003,001,2,2013-04-27T00:00:00,2013-03-31T00:00:00,520017839.1,274971752.2,8847827.68,-0.920660510825725,21162760.77,-0.382354000816556,37170443.72,-0.344676647804703,1052613656.85,273407111.9,-0.0579567152308201,16767596.39,-0.602421033966437,-532595817.75,-3.99388868359336,-0.573742,0.010121,0.00069091,2.0241875907,-,-,-,-,-,-,-,-,-,-,-,-,-,-,-,-,-,-,-,-,-,-,-,-,2019-07-10T12:39:07
600561,016003,10000378,江西长运,交运物流,shzb,003,001,2,2013-04-27T00:00:00,2013-03-31T00:00:00,3749241177.89,1433213381.6,395804071.09,0.101380688709551,65536795.8,0.257528673851395,44864249.06,-0.264673114061933,2669968718.55,198794206.51,0.254646018032608,102826600.12,-0.160670553309072,1079272459.34,0.0703947511792279,0.15255,0.189453,0.00495812,0.7121357608,-,-,-,-,-,-,-,-,-,-,-,-,-,-,-,-,-,-,-,-,-,-,-,-,2019-07-10T12:39:13
600652,016014,10000459,*ST游久,电子信息,,003,001,2,2013-04-27T00:00:00,2013-03-31T00:00:00,3508424558.2,773078995.84,173454809.66,-0.647960127843405,346200191.81,12.5019667442539,7778774.27,1.0074238722533,1685433429.12,142268557.67,-0.0935026148286981,1850896.41,0.819496915057591,1822991129.08,-0.0509834194727309,-0.021776,0.011908,0.00743035,0.480396087,-,-,-,-,-,-,-,-,-,-,-,-,-,-,-,-,-,-,-,-,-,-,-,-,2019-07-10T12:39:13
600455,016057,10001340,博通股份,软件服务,shzb,003,001,2,2013-04-27T00:00:00,2013-03-31T00:00:00,739746960.87,449774125.42,124500216.14,-0.0307148830548602,29145978.36,0.154698097700584,33546711.01,0.519230115547669,578393497.4,93465352.36,0.00222253915346469,62027946.99,0.0380463202158229,161353463.47,0.148152377091224,0.023925,-0.006076,0.00449749,0.7818801942,-,-,-,-,-,-,-,-,-,-,-,-,-,-,-,-,-,-,-,-,-,-,-,-,2019-07-10T12:39:06
601965,016035,80078488,中国汽研,汽车行业,shzb,003,001,2,2013-04-27T00:00:00,2013-03-31T00:00:00,3750764337.74,295297604.76,1580622489.0,-,202230442.61,-,316554423.22,-,754653606.68,129101390.56,-,303560544.53,-,2996110731.06,-,-,-,0.03686185,0.2011999525,-,-,-,-,-,-,-,-,-,-,-,-,-,-,-,-,-,-,-,-,-,-,-,-,2019-07-10T12:39:15
000039,016059,10000628,中集集团,金属制品,szzb,003,001,2,2013-04-27T00:00:00,2013-03-31T00:00:00,66409640000.0,11538706000.0,4970980000.0,-0.277121013424866,9533327000.0,0.388899702241074,19104171000.0,0.173343488625322,44329073000.0,7327003000.0,-0.00900497215017024,2847974000.0,0.206091495241019,22080567000.0,0.0379590882572094,0.047942,0.052986,0.01375212,0.6675096116,-,-,-,-,659318000.0,0.0532471972216631,-,-,-,-,-,-,-,-,-,-,-,-,-,-,-,-,-,-,2019-07-10T12:39:05
603725,016018,80188713,天安新材,塑胶制品,shzb,003,001,2,2013-04-27T00:00:00,2013-03-31T00:00:00,363218263.67,96724298.27,55829156.69,0.549820130066678,37954295.91,-0.200528592412139,71748129.31,0.334253639947711,181628014.21,44314781.54,0.148658821305608,3220478.41,-0.473038238375491,181590249.46,1.14963415810186,0.222197,-0.146122,0.0193154,0.5000519863,-,-,-,-,-,-,-,-,-,-,-,-,-,-,-,-,-,-,-,-,-,-,-,-,2019-07-10T12:45:43
000932,016033,10001194,华菱钢铁,钢铁行业,szzb,003,001,2,2013-04-27T00:00:00,2013-03-31T00:00:00,66543864937.77,39610051365.63,2892017733.66,-0.535778166186106,1829624560.37,-0.00650671308538339,8119513778.5,-0.203666524419907,55251174982.62,5033797626.83,0.0696672978327743,2187293560.9,-0.247080769305861,11292689955.15,-0.216288368708755,-0.127629,-0.10698,0.00397239,0.8302970534,-,-,-,-,44760037.5,-0.918912665120007,-,-,-,-,706599944.44,-0.146649288955095,-,-,0.0,-,-,-,-,-,-,-,-,-,2019-07-10T12:39:06
000573,016017,10000915,粤宏远A,房地产,szzb,003,001,2,2013-04-27T00:00:00,2013-03-31T00:00:00,2669024421.29,106809329.51,52783580.89,-0.119318709147553,94181923.63,2.61878783065363,1231302903.46,0.0859075579867231,1163882091.92,31537611.61,-0.710580164605375,157943453.53,0.225616705043889,1505142329.37,0.0227209760392756,0.078494,0.160324,0.0170562,0.4360702295,-,-,-,-,-,-,-,-,-,-,-,-,-,-,-,-,-,-,-,-,-,-,-,-,2019-07-10T12:39:05
600820,016005,10000769,隧道股份,工程建设,shzb,003,001,2,2013-04-27T00:00:00,2013-03-31T00:00:00,47908866230.0,2473062768.93,4721724706.45,0.414473452518815,7082933251.3,0.293035978094171,5215489119.87,0.786620696607012,36554704845.56,9042095133.56,0.617287094717866,4910526348.12,0.827726274784791,11354161384.44,1.31152189139696,1.20175,1.169746,0.00862755,0.7630050077,-,-,-,-,37058774.17,15.9376407105282,-,-,-,-,-,-,-,-,-,-,-,-,-,-,-,-,-,-,2019-07-10T12:39:14
601390,016005,80101504,中国中铁,工程建设,shzb,003,001,2,2013-04-27T00:00:00,2013-03-31T00:00:00,561947363000.0,34386455000.0,73920508000.0,0.203789298129383,98538163000.0,0.0970090593663298,199737548000.0,0.266652480120021,471848018000.0,141902900000.0,0.142393243842485,82259541000.0,0.299049351453967,90099345000.0,0.0957711427508174,0.185956,0.204892,0.01191484,0.8396658639,-,-,-,-,4541127000.0,1.4987327855827,-,-,-,-,-,-,-,-,-,-,-,-,-,-,-,-,-,-,2019-07-10T12:39:15
601515,016053,80193722,东风股份,包装材料,shzb,003,001,2,2013-04-27T00:00:00,2013-03-31T00:00:00,3063477767.26,472755614.72,706587049.33,-0.249801418485294,417804435.6,0.118285421295643,412861556.98,0.02194860137893,568124474.27,148708515.73,0.0464749414697858,158258.57,0.758428555555556,2495353292.99,0.22176183358525,0.171954,-0.006026,0.03365246,0.1854508234,-,-,-,-,-,-,-,-,-,-,-,-,-,-,-,-,-,-,-,-,-,-,-,-,2019-07-10T12:39:15
600891,016036,10000559,*ST秋林,商业百货,,003,001,2,2013-04-27T00:00:00,2013-03-31T00:00:00,1198783332.98,141074443.66,579094050.98,0.207152587905463,3044267.52,161.538990446067,11928543.45,1.354792878041,357095344.56,101617499.17,0.00805638550837379,5832111.61,2.0879267672577,841687988.42,0.112159023867655,0.059868,-0.04587,0.01938407,0.2978814726,-,-,-,-,-,-,-,-,-,-,-,-,-,-,-,-,-,-,-,-,-,-,-,-,2019-07-10T12:39:14
000900,016002,10001166,现代投资,高速公路,szzb,003,001,2,2013-04-27T00:00:00,2013-03-31T00:00:00,12662821830.4,1970650723.97,1630371355.33,-0.515350115314993,153666092.16,-0.561290677004337,41521280.02,-0.641680909120904,6878466848.99,370492529.04,4.51927680438251,1440441.57,-0.756091502839118,5784354981.41,0.0897861099567966,0.53461,1.33667,0.00598147,0.5432017398,-,-,-,-,71291299.76,0.703349282296651,-,-,-,-,-,-,-,-,-,-,-,-,-,-,-,-,-,-,2019-07-10T12:39:07
600238,016031,10000195,ST椰岛,酿酒行业,,003,001,2,2013-04-27T00:00:00,2013-03-31T00:00:00,1515007384.14,244311896.44,152020658.7,-0.196949919280679,85729043.61,0.815959895818856,544796153.94,0.0752060652211193,652091027.4,251343626.64,2.60916002953918,139647403.3,-0.0882534601809783,862916356.74,0.31444369953395,0.10636,-0.085265,0.01716639,0.4304210225,-,-,-,-,-,-,-,-,-,-,-,-,-,-,-,-,-,-,-,-,-,-,-,-,2019-07-10T12:39:11
600486,016050,10000333,扬农化工,农药兽药,shzb,003,001,2,2013-04-27T00:00:00,2013-03-31T00:00:00,3497954145.98,705187744.78,1795491324.32,0.240791118525357,327017394.47,0.346769302743204,155788870.14,-0.141817605108459,1368287599.76,665894625.43,0.337602834896299,80055643.87,0.58364158128253,2129666546.22,0.116282269090133,0.171434,0.269019,0.0197346,0.3911679635,-,-,-,-,-,-,-,-,-,-,-,-,-,-,-,-,-,-,-,-,-,-,-,-,2019-07-10T12:39:13
600090,016047,10000063,同济堂,医疗行业,shzb,003,001,2,2013-04-27T00:00:00,2013-03-31T00:00:00,1294037401.74,554157931.58,283352620.19,1.7237807357135,3929622.18,0.721360661163819,243215876.86,-0.0361212488200946,505422528.44,101850656.52,-0.0664239910458545,6854967.87,0.156184881808434,788614873.3,0.252052749457343,0.105402,-0.065402,0.01112167,0.3905779908,-,-,-,-,-,-,-,-,-,-,-,-,-,-,-,-,-,-,-,-,-,-,-,-,2019-07-10T12:39:08
600798,016016,10000747,宁波海运,港口水运,shzb,003,001,2,2013-04-27T00:00:00,2013-03-31T00:00:00,6696678043.85,2519626106.25,76874422.98,-0.655261119204683,75645301.67,0.154107571791281,36885712.32,-0.260267331319801,4293147234.02,120717435.65,-0.446064065581361,2575654.04,2.55016054091204,2403530809.83,-0.0629273512043397,-0.051707,-0.045308,0.00298519,0.6410861036,-,-,-,-,-,-,-,-,-,-,-,-,-,-,-,-,-,-,-,-,-,-,-,-,2019-07-10T12:39:14
601231,016022,80193852,环旭电子,电子元件,shzb,003,001,2,2013-04-27T00:00:00,2013-03-31T00:00:00,7368116763.28,1061982326.53,1418666736.49,-0.341542308390038,2633985014.42,0.16523372325589,1397723182.4,0.101850978538362,3764819917.18,2469631607.82,0.12605581757127,7403277.78,0.133425473401602,3603296846.1,0.22465896762532,0.091052,-0.012101,0.0169956,0.5109609468,-,-,-,-,-,-,-,-,-,-,-,-,-,-,-,-,-,-,-,-,-,-,-,-,2019-07-10T12:39:14
600776,016015,10000725,东方通信,通讯行业,shzb,003,001,2,2013-04-27T00:00:00,2013-03-31T00:00:00,3411640361.88,284366233.69,1383868512.84,0.284256902361325,562038434.73,0.536481887848603,353488126.79,0.243613326538796,589325387.43,245369351.48,0.385300097614847,67593319.05,-0.385407611817103,2822314974.45,0.0359377977827625,0.043061,0.078578,0.04537188,0.1727395988,-,-,-,-,-,-,-,-,-,-,-,-,-,-,-,-,-,-,-,-,-,-,-,-,2019-07-10T12:39:14
600989,016041,80083603,宝丰能源,化工行业,shzb,003,001,2,2013-04-27T00:00:00,2013-03-31T00:00:00,14838394254.44,4166388532.72,819131943.31,1.08116963278378,14783732.67,-0.928686952360592,295501454.84,-0.287169268946714,9959083410.93,933387344.54,-0.468154979147589,232514870.18,-0.6279998399358,4879310843.51,0.246555062145195,0.121771,0.069326,0.00960003,0.6711698881,-,-,-,-,-,-,-,-,-,-,-,-,-,-,-,-,-,-,-,-,-,-,-,-,2019-07-10T12:45:42
600713,016024,10000520,南京医药,医药制造,shzb,003,001,2,2013-04-27T00:00:00,2013-03-31T00:00:00,9536111517.83,452807111.37,1502848275.36,-0.259200205781791,4207905521.99,0.0886667373296683,1162105226.66,-0.173323827656053,8215519167.89,2924234252.86,0.0491475654364112,38461248.28,0.528358848975422,1320592349.94,-0.0331716046926427,-0.030593,-0.030177,0.01045871,0.8615166835,-,-,-,-,693906.19,-0.429309435458997,-,-,-,-,-,-,-,-,-,-,-,-,-,-,-,-,-,-,2019-07-10T12:39:13
600329,016024,10000268,中新药业,医药制造,shzb,003,001,2,2013-04-27T00:00:00,2013-03-31T00:00:00,4697264013.95,860750954.18,509882701.26,0.221424135548161,913161897.77,0.346741490286941,849477044.39,0.125922905828428,2297359760.98,575714734.34,0.0573988754794564,62667324.47,2.90162842444771,2399904252.97,0.0165560104470297,0.071337,0.135244,0.0123453,0.4890846574,-,-,-,-,32964735.55,-0.0135809551964082,-,-,-,-,-,-,-,-,-,-,-,-,-,-,-,-,-,-,2019-07-10T12:39:12
601218,016061,80171814,吉鑫科技,专用设备,shzb,003,001,2,2013-04-27T00:00:00,2013-03-31T00:00:00,3770167522.62,772876706.75,719149440.27,-0.235669897137387,988099734.52,-0.00728580784861507,428728948.12,0.0277557232790439,1528664360.46,212950291.5,-0.190746516960096,7576702.9,1.09669598894438,2241503162.16,-0.00116409214116513,0.000224,0.002266,0.02022046,0.4054632457,-,-,-,-,-,-,-,-,-,-,-,-,-,-,-,-,-,-,-,-,-,-,-,-,2019-07-10T12:39:14
600052,016017,10000025,浙江广厦,房地产,shzb,003,001,2,2013-04-27T00:00:00,2013-03-31T00:00:00,10009646175.08,450621751.91,1031627328.69,1.79891368660972,11131960.18,-0.728435857452865,6758614419.58,0.0924507674652013,7867212960.14,564418633.16,-0.257619078019402,1979600649.55,0.652027920406829,2142433214.94,-0.136737431233312,0.121527,0.221005,0.01577344,0.7859631422,-,-,-,-,-,-,-,-,-,-,-,-,-,-,-,-,-,-,-,-,-,-,-,-,2019-07-10T12:39:08
000937,016011,10001198,冀中能源,煤炭采选,szzb,003,001,2,2013-04-27T00:00:00,2013-03-31T00:00:00,44232555760.81,13246512983.38,5051954141.27,-0.0469430050643323,4755487522.66,0.119600911554511,1380740862.01,-0.190131666103001,25297652696.76,4916230707.13,-0.0504249727752021,880619173.66,-0.380233949334781,18934903064.05,0.0923038184555563,0.103604,0.112216,0.01055466,0.5719238299,-,-,-,-,-,-,-,-,-,-,-,-,-,-,-,-,-,-,-,-,-,-,-,-,2019-07-10T12:39:08
600518,016024,10000350,ST康美,医药制造,,003,001,2,2013-04-27T00:00:00,2013-03-31T00:00:00,19409533142.98,3023059296.2,7145867091.34,0.195612805153684,1525294946.79,0.711761153280135,3667030387.7,0.724580796427472,8252863905.41,932653815.73,1.04485223428388,401946796.96,0.584574698383856,11156669237.57,0.155641260013789,0.201716,0.270176,0.02784119,0.4251964148,-,-,-,-,-,-,-,-,-,-,-,-,-,-,-,-,-,-,-,-,-,-,-,-,2019-07-10T12:39:13
603000,016039,80195469,人民网,文化传媒,shzb,003,001,2,2013-04-27T00:00:00,2013-03-31T00:00:00,2460953000.28,69726805.76,1956241910.51,-,286362301.0,-,2012447.37,-,243270647.7,48571508.61,-,148190479.16,-,2217682352.58,-,-,-,0.09613278,0.098852212,-,-,-,-,51779.93,-,-,-,-,-,-,-,-,-,-,-,-,-,-,-,-,-,-,-,2019-07-10T12:39:15
600963,016025,10001368,岳阳林纸,造纸印刷,shzb,003,001,2,2013-04-27T00:00:00,2013-03-31T00:00:00,17033999956.35,9036746084.25,665933594.27,-0.466163501511413,1228107143.12,-0.0203428093643207,4512786286.31,0.127021150182822,11778134312.88,1170189318.04,0.116921454135795,67298158.79,-0.238941466387487,5255865643.47,0.15429973824446,-0.017467,-0.078647,0.0095328,0.6914485349,-,-,-,-,-,-,-,-,-,-,-,-,-,-,-,-,-,-,-,-,-,-,-,-,2019-07-10T12:39:14
002219,016024,80107842,恒康医疗,医药制造,zxb,003,001,2,2013-04-27T00:00:00,2013-03-31T00:00:00,1009283910.93,165474654.65,306309587.89,0.631717173223028,157884496.53,0.321914383899698,80166775.75,-0.0509077469945672,331097618.55,33825775.08,0.98585893595429,469164.2,3.06568153890683,678186292.38,0.370704201217983,0.645615,1.793011,0.01898165,0.3280520129,-,-,-,-,-,-,-,-,-,-,-,-,-,-,-,-,-,-,-,-,-,-,-,-,2019-07-10T12:39:06
600859,016036,10000808,王府井,商业百货,shzb,003,001,2,2013-04-27T00:00:00,2013-03-31T00:00:00,14484449924.0,2259273269.37,7639791962.82,0.633805680146121,138429960.76,0.721819433341874,349637713.49,-0.0239590184926191,8146287999.3,1484842710.83,0.174769427511446,3279975491.5,0.258358083200007,6338161924.7,0.1366250479205,0.390811,0.683781,0.014749,0.5624161112,-,-,-,-,904331700.8,1.36812154540808,-,-,-,-,-,-,-,-,-,-,-,-,-,-,-,-,-,-,2019-07-10T12:39:14
002490,016043,10002533,山东墨龙,机械行业,zxb,003,001,2,2013-04-27T00:00:00,2013-03-31T00:00:00,5804167984.58,1791791975.45,670541458.98,0.431195491630991,620447403.91,-0.0862598213576337,1355167838.3,0.0208536549715014,2832062839.26,551527020.31,-0.0772697056162535,63623238.05,-0.156169475258805,2972105145.32,0.0320199497188591,0.107698,0.200049,0.01031422,0.4879360568,-,-,-,-,-,-,-,-,-,-,-,-,-,-,-,-,-,-,-,-,-,-,-,-,2019-07-10T12:39:05
600826,016037,10000775,兰生股份,国际贸易,shzb,003,001,2,2013-04-27T00:00:00,2013-03-31T00:00:00,2770260563.24,50045237.82,292872082.43,0.199950960544534,10303522.64,-0.749437704584525,40231455.84,-0.0893590286837302,716749600.07,37010784.66,-0.150041990273586,203870035.74,-0.047590197647008003,2053510963.17,0.105849484272837,0.092873,0.057328,0.01897598,0.2587300305,-,-,-,-,1932398527.59,0.121952315035987,-,-,-,-,-,-,-,-,-,-,-,-,-,-,-,-,-,-,2019-07-10T12:39:06
600567,016025,10000382,山鹰纸业,造纸印刷,shzb,003,001,2,2013-04-27T00:00:00,2013-03-31T00:00:00,8546944697.86,2832972419.85,1486675148.9,0.466043738471033,665592183.85,-0.00738798396741612,501201464.31,-0.0913500375265945,5572672833.68,335620990.19,-0.144748807346015,25614398.17,0.00106222447279034,2974271864.18,-0.0150404943742494,0.23564,0.42987,0.012405,0.6520075923,-,-,-,-,-,-,-,-,-,-,-,-,-,-,-,-,-,-,-,-,-,-,-,-,2019-07-10T12:39:06
000880,016049,10001149,潍柴重机,船舶制造,szzb,003,001,2,2013-04-27T00:00:00,2013-03-31T00:00:00,2854069991.59,627309623.71,603293795.51,-0.0366104722665911,43552691.25,0.937002058704039,333429537.61,0.193495530689991,1657391079.97,732902764.98,0.101299211968493,96042587.37,-0.178932687360349,1196678911.62,0.0563481829266409,0.014697,-0.01339,0.00650141,0.5807114348,-,-,-,-,-,-,-,-,-,-,-,-,-,-,-,-,-,-,-,-,-,-,-,-,2019-07-10T12:39:05
601669,016005,80140483,中国电建,工程建设,shzb,003,001,2,2013-04-27T00:00:00,2013-03-31T00:00:00,190825418926.01,40553692425.06,30008584166.2,-0.0768080028013173,19134623825.92,0.121800462932263,43807715406.39,0.30181365331229,155211129998.21,26212819648.94,0.173626688460857,23490992557.77,-0.191582506914446,35614288927.8,0.0977639817642781,0.122598,0.128455,0.01199879,0.813367165,-,-,-,-,-,-,-,-,-,-,-,-,-,-,-,-,-,-,-,-,-,-,-,-,2019-07-10T12:39:15
002419,016036,80116566,天虹股份,商业百货,zxb,003,001,2,2013-04-27T00:00:00,2013-03-31T00:00:00,9618137646.26,1304885993.07,4491339960.58,-0.030967215017774,35815207.01,0.456327313844079,388677938.19,0.1171390076249,5462671430.36,1463211701.64,0.287446271498204,3169144825.15,0.228720267598074,4155466215.9,0.0904293129453563,0.193892,0.286768,0.01110211,0.5679552145,-,-,-,-,-,-,-,-,-,-,-,-,-,-,-,-,-,-,-,-,-,-,-,-,2019-07-10T12:39:06
600322,016017,10000263,天房发展,房地产,shzb,003,001,2,2013-04-27T00:00:00,2013-03-31T00:00:00,12772270432.61,144310017.82,1617849327.04,2.8872659417444,3740587.27,-0.731768463195101,9956889484.29,-0.0426645780495894,7720506716.01,462499620.11,-0.107352698062998,2975835149.45,-0.24472265920245,5051763716.6,0.0373734304168092,0.06575,0.085174,0.02525734,0.6044741032,-,-,-,-,-,-,-,-,-,-,-,-,-,-,-,-,-,-,-,-,-,-,-,-,2019-07-10T12:39:12
600761,016061,10000710,安徽合力,专用设备,shzb,003,001,2,2013-04-27T00:00:00,2013-03-31T00:00:00,5018298770.27,1532007625.76,392157038.54,-0.274418218177135,784169109.66,0.0734594977848546,1165352517.82,-0.104097770273483,1771469588.89,992394746.71,-0.0450097277433043,152027702.69,-0.22438541195721,3246829181.38,0.0934878546636939,0.043591,-0.036952,0.02015397,0.3530020172,-,-,-,-,-,-,-,-,-,-,-,-,-,-,-,-,-,-,-,-,-,-,-,-,2019-07-10T12:39:14
000735,016009,10001049,罗牛山,农牧饲渔,szzb,003,001,2,2013-04-27T00:00:00,2013-03-31T00:00:00,4514577057.92,797436428.74,689093851.82,1.00650043332998,19368554.89,0.277660539407522,836354306.77,0.498073192221393,2701266401.43,72433358.94,0.442124340560565,616588852.98,0.539039957363244,1813310656.49,-0.00962134746730736,0.244049,0.502363,0.0167161,0.5983431818,-,-,-,-,111200000.0,-0.171385991058122,-,-,-,-,-,-,-,-,-,-,-,-,-,-,-,-,-,-,2019-07-10T12:39:08
600428,016016,10000327,中远海特,港口水运,shzb,003,001,2,2013-04-27T00:00:00,2013-03-31T00:00:00,17825985456.92,11586767680.98,2501276506.87,-0.259574342964314,494106361.58,0.437932473056423,302203896.86,0.093496270572352,10993102382.45,1397573755.75,0.399530704685341,113184274.77,0.402136280453844,6832883074.47,0.0280727548853201,0.349467,0.674923,0.00707484,0.6166897426,-,-,-,-,-,-,-,-,-,-,-,-,-,-,-,-,-,-,-,-,-,-,-,-,2019-07-10T12:39:12
600605,016036,10000412,汇通能源,商业百货,shzb,003,001,2,2013-04-27T00:00:00,2013-03-31T00:00:00,799122981.5,366546240.68,22477499.15,-0.08087694410982,248943002.1,0.136173792503124,-,-,323108216.87,15839485.91,-0.496171712083026,6229407.4,-0.52462742302643,476014764.63,0.0138494860485402,-0.029905,-0.087896,0.0169534,0.4043285256,-,-,-,-,-,-,-,-,-,-,-,-,-,-,-,-,-,-,-,-,-,-,-,-,2019-07-10T12:39:06
600532,016033,10000361,宏达矿业,钢铁行业,shzb,003,001,2,2013-04-27T00:00:00,2013-03-31T00:00:00,1639006257.62,481295121.54,62976580.8,-0.326166456961093,1745086.71,-0.979178934703239,48272338.85,-0.566367840079721,719949406.33,117275398.31,-0.220562078871549,4992986.8,-0.857173482398668,919056851.29,4.07845324258559,1.03032,0.149541,0.00423404,0.4392597057,-,-,-,-,-,-,-,-,-,-,-,-,-,-,-,-,-,-,-,-,-,-,-,-,2019-07-10T12:39:13
600272,016036,10000572,开开实业,商业百货,shzb,003,001,2,2013-04-27T00:00:00,2013-03-31T00:00:00,984904561.96,226355894.13,162489381.12,-0.0553723076722436,128387834.33,0.119346878151094,101683874.43,-0.0506284020432302,618372891.5,127706322.92,0.156462430277446,4385056.03,-0.291528971857766,366531670.46,-0.0134787829915843,-0.015799,-0.017169,0.01069688,0.6278505709,-,-,-,-,56484395.78,-0.276514216759855,-,-,-,-,-,-,-,-,-,-,-,-,-,-,-,-,-,-,2019-07-10T12:39:15
600645,016024,10000452,中源协和,医药制造,shzb,003,001,2,2013-04-27T00:00:00,2013-03-31T00:00:00,1221587471.75,203908962.23,611312144.1,-0.0982119899644594,37795301.98,0.392157217696147,27176589.59,0.100377072651208,945647459.8,10374875.57,-0.68530480851111,697967126.89,0.171084348460122,275940011.95,-0.136946373799663,0.001373,0.050501,0.00789936,0.7741135872,-,-,-,-,-,-,-,-,-,-,-,-,-,-,-,-,-,-,-,-,-,-,-,-,2019-07-10T12:39:13
601800,016005,80086877,中国交建,工程建设,shzb,003,001,2,2013-04-27T00:00:00,2013-03-31T00:00:00,435898021791.0,48828891247.0,60356861060.0,0.31724499037653,50251813871.0,-0.0157607491345739,92283749433.0,0.107060506564491,337002405383.0,85910868046.0,0.000763523702721453,57444986029.0,0.061336110307918,98895616408.0,0.115109875725686,0.173941,0.192402,0.01095784,0.7731221261,-,-,-,-,12608438944.0,0.0977823166819592,-,-,-,-,-,-,-,-,-,-,-,-,-,-,-,-,-,-,2019-07-10T12:39:15
000533,016037,10000875,顺钠股份,国际贸易,szzb,003,001,2,2013-04-27T00:00:00,2013-03-31T00:00:00,2368187826.69,65525843.52,304295918.05,0.837740058088508,252143102.47,-0.334022590824662,297706349.93,-0.0425457741668381,1262501868.32,331838664.37,-0.14538745245055,128345764.11,-0.155509278450152,1105685958.37,0.0662027378945387,0.178615,0.298516,0.01602338,0.5331088413,-,-,-,-,-,-,-,-,-,-,-,-,-,-,-,-,-,-,-,-,-,-,-,-,2019-07-10T12:39:08
000096,016023,10000659,广聚能源,石油行业,szzb,003,001,2,2013-04-27T00:00:00,2013-03-31T00:00:00,1962474569.25,80897297.99,584630257.78,0.133844238866595,3122846.03,-0.308608179726138,156496809.52,2.57451698734238,165427481.37,250114.89,-0.809662476474339,8931720.12,0.849969936425154,1797047087.88,-0.00372311138819855,0.001988,0.068528,0.05887078,0.0842953504,-,-,-,-,-,-,-,-,-,-,-,-,-,-,-,-,-,-,-,-,-,-,-,-,2019-07-10T12:39:08
600984,016043,10001398,建设机械,机械行业,shzb,003,001,2,2013-04-27T00:00:00,2013-03-31T00:00:00,983952889.14,202207229.34,39321937.44,0.526094980877332,393477280.82,0.194584750105038,210649818.26,0.235479132011629,719606056.05,159363480.71,0.538075023166829,12568539.02,-0.687728878201311,264346833.09,-0.00953466913802616,0.184231,0.275925,0.01033677,0.7313419819,-,-,-,-,-,-,-,-,-,-,-,-,-,-,-,-,-,-,-,-,-,-,-,-,2019-07-10T12:39:14
000021,016014,10000610,深科技,电子信息,szzb,003,001,2,2013-04-27T00:00:00,2013-03-31T00:00:00,11027349083.75,1186074412.95,5717689783.38,0.101477777179232,1555130655.59,0.0626137844624128,634016170.86,-0.327911284438116,6863459720.01,775884379.61,0.0364205576646698,33593454.68,0.116552876058659,4163889363.74,-0.0410326818434438,0.031088,0.080382,0.01222546,0.6224034143,-,-,-,-,114285712.0,-0.428120053871791,-,-,-,-,-,-,-,-,-,-,-,-,-,-,-,-,-,-,2019-07-10T12:39:07
600058,016037,10000031,五矿发展,国际贸易,shzb,003,001,2,2013-04-27T00:00:00,2013-03-31T00:00:00,51985541465.76,10523583209.68,1806677197.56,-0.303429284545537,4662167280.1,1.13318369937884,13155404758.52,-0.209762031922412,41158707971.8,7783343590.88,0.267238345763998,6955396174.54,-0.168715111875156,10826833493.96,-0.0977374634450322,-0.007212,0.019701,0.00937925,0.7917337554,-,-,-,-,11310000.0,-0.9690561972202,-,-,-,-,-,-,-,-,-,-,-,-,-,-,-,-,-,-,2019-07-10T12:39:08
600610,016046,10000417,*ST毅达,园林工程,,003,001,2,2013-04-27T00:00:00,2013-03-31T00:00:00,371297324.29,121482641.72,82325581.12,-0.0211924805175964,10450293.56,0.511295348537999,29878426.85,-0.124959793219338,243656698.46,14644606.8,-0.210921225360542,12173335.77,-0.159019968371871,127640625.83,-0.269412790932584,-0.0141,0.206833,0.00674866,0.6562306877,-,-,-,-,25080981.27,-0.289171693903075,-,-,-,-,-,-,-,-,-,-,-,-,-,-,-,-,-,-,2019-07-10T12:39:13
600976,016024,10001356,健民集团,医药制造,shzb,003,001,2,2013-04-27T00:00:00,2013-03-31T00:00:00,1460463206.4,218808223.54,219043563.21,-0.0622853348484313,384702190.69,0.589943964148457,150048749.42,0.225395210932066,521625621.04,302804650.7,0.422095298667874,4725951.74,-,938837585.36,0.0344033995568695,0.118103,0.308696,0.01997772,0.357164507,-,-,-,-,-,-,-,-,-,-,-,-,-,-,-,-,-,-,-,-,-,-,-,-,2019-07-10T12:39:14
601618,016005,80128182,中国中冶,工程建设,shzb,003,001,2,2013-04-27T00:00:00,2013-03-31T00:00:00,324901922000.0,34227664000.0,26150504000.0,-0.262196759895832,46250568000.0,-0.0249845432961417,115475184000.0,-0.0155284275208758,271108299000.0,57875283000.0,0.0812955394848059,40528491000.0,-0.109832389232933,53793623000.0,-0.0937024158423155,-0.046918,-0.037055,0.01126412,0.8344311949,-,-,-,-,323660000.0,-0.130523550223373,-,-,-,-,-,-,-,-,-,-,-,-,-,-,-,-,-,-,2019-07-10T12:39:15
000408,016051,10000681,藏格控股,化肥行业,szzb,003,001,2,2013-04-27T00:00:00,2013-03-31T00:00:00,445202123.89,57864558.76,1384792.92,-0.0116882168696007,115911966.8,45.8182346186604,-,-,266801453.62,3729022.83,-0.7321272734938,5500582.87,0.315072932779111,178400670.27,0.0373155551504097,0.031843,0.028217,0.01268707,0.5992816281,-,-,-,-,-,-,-,-,-,-,-,-,-,-,-,-,-,-,-,-,-,-,-,-,2019-07-10T12:39:07
600689,016010,10000496,上海三毛,纺织服装,shzb,003,001,2,2013-04-27T00:00:00,2013-03-31T00:00:00,1173999122.78,101866194.84,198582572.23,-0.147120579036728,152153885.61,-0.340213326093249,78294626.39,-0.233489759404619,835212740.58,64710854.03,0.286158275990626,130946646.28,-0.13111848040422,338786382.2,-0.209692780889372,0.060993,0.232181,0.00970948,0.7114253532,-,-,-,-,33235580.0,-0.0231259541513557,-,-,-,-,-,-,-,-,-,-,-,-,-,-,-,-,-,-,2019-07-10T12:39:13
600345,016015,10000278,长江通信,通讯行业,shzb,003,001,2,2013-04-27T00:00:00,2013-03-31T00:00:00,1896448671.03,125903311.53,365434024.71,-0.0135040976379311,250725768.81,-0.379897803616619,273047925.54,-0.0654719008153073,475378148.25,135894171.98,-0.422317373936507,34065218.17,-0.573407498087224,1421070522.78,0.0281537301831708,-0.106416,-0.357717,0.02143075,0.2506675533,-,-,-,-,-,-,-,-,-,-,-,-,-,-,-,-,-,-,-,-,-,-,-,-,2019-07-10T12:39:12
600716,016017,10000523,凤凰股份,房地产,shzb,003,001,2,2013-04-27T00:00:00,2013-03-31T00:00:00,6796285677.86,15007919.26,865293696.69,-0.299704919169837,-,-,4748016555.46,0.0899649217098425,4870329369.99,302190623.76,-0.310601030609951,368969444.0,-0.280927071730083,1925956307.87,0.0916852398533704,0.0908,0.09045,0.01395883,0.7166163403,-,-,-,-,-,-,-,-,-,-,-,-,-,-,-,-,-,-,-,-,-,-,-,-,2019-07-10T12:39:13
601126,016020,80029354,四方股份,输配电气,shzb,003,001,2,2013-04-27T00:00:00,2013-03-31T00:00:00,4177955554.5,286936409.96,723760268.07,-0.458191557830254,1729583808.77,0.620355795616075,689401344.29,0.41369510518112,1275598010.97,548054929.01,0.674210793028091,252559112.46,0.362152534432606,2902357543.53,0.0522495573162597,0.230084,0.998623,0.02916081,0.305316319,-,-,-,-,-,-,-,-,-,-,-,-,-,-,-,-,-,-,-,-,-,-,-,-,2019-07-10T12:39:14
601866,016016,10002328,中远海发,港口水运,shzb,003,001,2,2013-04-27T00:00:00,2013-03-31T00:00:00,50705523563.2,31410456085.19,8087056983.11,-0.170694642395512,2055908517.02,0.3348117128381,1825390008.65,0.0832908292151007,23914612017.9,3496899758.69,-0.0585247169281578,118206443.35,0.0196673192792808,26790911545.3,0.0537222343323115,-0.052881,-0.149297,0.02072763,0.471637217,-,-,-,-,-,-,-,-,-,-,-,-,-,-,-,-,-,-,-,-,-,-,-,-,2019-07-10T12:39:15
600305,016012,10000248,恒顺醋业,食品饮料,shzb,003,001,2,2013-04-27T00:00:00,2013-03-31T00:00:00,2768247068.14,548785250.14,700538380.71,0.0733325499508525,69224494.14,-0.0755592451122603,426370529.6,-0.544421589874877,2213880910.36,115556113.09,-0.516952541469811,31138427.37,-0.546718985357747,554366157.78,0.199661028820879,-0.177553,-0.237583,0.00643654,0.7997410837,-,-,-,-,-,-,-,-,-,-,-,-,-,-,-,-,-,-,-,-,-,-,-,-,2019-07-10T12:39:11
600198,016015,10000158,大唐电信,通讯行业,shzb,003,001,2,2013-04-27T00:00:00,2013-03-31T00:00:00,8593775290.27,682412302.92,1017228301.88,0.853953020122389,2660482531.97,0.419800670521264,1454145277.0,0.386177065392076,6372200561.65,1083543478.8,1.01199790921679,221559696.87,1.34486000978257,2221574728.62,2.53784465525801,0.731042,0.469412,0.01009368,0.7414902469,-,-,-,-,-,-,-,-,-,-,-,-,-,-,-,-,-,-,-,-,-,-,-,-,2019-07-10T12:39:11
600160,016041,10000124,巨化股份,化工行业,shzb,003,001,2,2013-04-27T00:00:00,2013-03-31T00:00:00,7091884720.88,2886951101.48,1188161933.09,-0.462438681401562,219641866.15,-0.16388232319554,438587950.29,0.0799138360086327,1180739679.33,732983409.08,0.416189810858166,101118946.2,-0.511042143980674,5911145041.55,-0.0125897653075454,-0.019525,-0.05283,0.02588876,0.1664916628,-,-,-,-,-,-,-,-,-,-,-,-,-,-,-,-,-,-,-,-,-,-,-,-,2019-07-10T12:39:07
600668,016004,10000475,尖峰集团,水泥建材,shzb,003,001,2,2013-04-27T00:00:00,2013-03-31T00:00:00,2851375544.19,1056255914.41,66117379.21,-0.328535108200188,199871420.01,0.0534453987013283,185397177.78,0.17398515256271,1172624297.14,301299076.75,0.228676876087869,51050443.36,0.0319932723210409,1678751247.05,0.000211522990905926,0.037631,0.096349,0.00587709,0.4112486338,-,-,-,-,-,-,-,-,-,-,-,-,-,-,-,-,-,-,-,-,-,-,-,-,2019-07-10T12:39:13
600098,016007,10000071,广州发展,电力行业,shzb,003,001,2,2013-04-27T00:00:00,2013-03-31T00:00:00,33201843518.62,16068000982.52,4272175975.94,-0.0701198520097715,1171386843.27,0.0470196989445583,992003474.63,0.61855894662541,16968447528.16,3198017306.16,2.72747572796087,241182522.5,1.78336603845201,16233395990.46,0.338566699829397,0.472964,0.629482,0.01250167,0.5110694386,-,-,-,-,189650806.27,0.0984590589045339,-,-,-,-,-,-,-,-,-,-,-,-,-,-,-,-,-,-,2019-07-10T12:39:08
600088,016039,10000061,中视传媒,文化传媒,shzb,003,001,2,2013-04-27T00:00:00,2013-03-31T00:00:00,1698490661.39,431017365.24,694258094.37,-0.469316471057573,158474037.71,2.5691078255721,116412277.85,-0.510487268447899,604774334.74,289800636.62,-0.667545892709831,280550125.76,0.403500250634666,1093716326.65,0.0334397960290058,-0.217667,-0.456496,0.02049255,0.3560657403,-,-,-,-,0.0,-,-,-,-,-,-,-,-,-,-,-,-,-,-,-,-,-,-,-,2019-07-10T12:39:08
600765,016034,10000714,中航重机,航天航空,shzb,003,001,2,2013-04-27T00:00:00,2013-03-31T00:00:00,11285363619.87,1795346765.68,1599472671.21,0.165148342262358,2740548820.32,0.150263897326953,1946070631.51,0.108591415079766,7149603322.19,1623200795.89,-0.0141825337023491,141965190.49,0.263323442541039,4135760297.68,0.0836827404735646,0.18026,0.244412,0.01551541,0.6335288399,-,-,-,-,-,-,-,-,-,-,-,-,-,-,-,-,-,-,-,-,-,-,-,-,2019-07-10T12:39:14
601177,016043,80090182,杭齿前进,机械行业,shzb,003,001,2,2013-04-27T00:00:00,2013-03-31T00:00:00,3297999384.59,1157913335.73,190723221.5,-0.152736573490861,336781933.0,0.0391049887439909,894441695.44,-0.0642066746286744,1454773715.95,363864515.28,-0.15811255506664,60413689.94,-0.0285784206889627,1843225668.64,0.0128119975408418,-0.019395,-0.057374,0.01302016,0.4411079404,-,-,-,-,6238879.08,-0.214710252600297,-,-,-,-,-,-,-,-,-,-,-,-,-,-,-,-,-,-,2019-07-10T12:39:14
600871,016023,10000820,石化油服,石油行业,shzb,003,001,2,2013-04-27T00:00:00,2013-03-31T00:00:00,11039363000.0,3447918000.0,158202000.0,-0.841607453766882,258001000.0,0.0343747870118311,1887647000.0,-0.146348555711625,2774246000.0,1064173000.0,0.0068042850344519,203782000.0,-0.179482843314892,8265117000.0,-0.0848768321442068,0.033952,0.686302,0.01647152,0.2513048987,-,-,-,-,-,-,-,-,-,-,-,-,-,-,-,-,-,-,-,-,-,-,-,-,2019-07-10T12:39:14
600822,016037,10000771,上海物贸,国际贸易,shzb,003,001,2,2013-04-27T00:00:00,2013-03-31T00:00:00,13222096777.9,682826638.54,1558696716.71,0.211683739870903,600685938.23,-0.0263320482719303,4728463202.46,0.0637183586774961,12070745979.64,1245778008.49,-0.160100713610743,2901576279.59,-0.0252174823759026,1151350798.26,-0.385229717678485,0.068205,0.149043,0.00998253,0.9129222227,-,-,-,-,-,-,-,-,-,-,-,-,-,-,-,-,-,-,-,-,-,-,-,-,2019-07-10T12:39:14
600485,016015,10001293,*ST信威,通讯行业,,003,001,2,2013-04-27T00:00:00,2013-03-31T00:00:00,588734937.96,54647652.03,124148924.67,-0.0702410531111859,119368529.38,-0.0233308836031352,157848143.53,-0.403106632221016,145322514.22,18719314.74,-0.711727792795882,73198816.49,-0.297011502402524,443412423.74,-0.0692051914674354,-0.13857,-0.298159,0.04294574,0.2468386108,-,-,-,-,-,-,-,-,-,-,-,-,-,-,-,-,-,-,-,-,-,-,-,-,2019-07-10T12:39:13
000027,016006,10000616,深圳能源,公用事业,szzb,003,001,2,2013-04-27T00:00:00,2013-03-31T00:00:00,32654571837.44,13443366694.16,3615467645.43,-0.216100523882591,1439316033.23,-0.144735339238862,1307220862.83,0.12784431321341,14842394401.06,1267862435.3,-0.0941419098663214,224299067.13,0.246742085852705,17812177436.38,0.0376714091465676,-0.016384,-0.074257,0.01035049,0.454527301,-,-,-,-,131724952.3,-0.0355841905817589,-,-,-,-,0.0,-,-,-,0.0,-1.0,-,-,-,-,-,-,-,-,2019-07-10T12:39:07
600436,016024,10001278,片仔癀,医药制造,shzb,003,001,2,2013-04-27T00:00:00,2013-03-31T00:00:00,2379441095.65,186396256.75,397972793.81,-0.418573621325918,181412585.48,0.207669411133944,581422790.34,0.572097388015425,701694380.66,91823841.35,0.269961521944378,17270729.7,-0.223198594546317,1677746714.99,0.31441427130187,0.225756,0.055525,0.04480165,0.2948988239,-,-,-,-,467487836.27,0.433054950405561,-,-,-,-,-,-,-,-,-,-,-,-,-,-,-,-,-,-,2019-07-10T12:39:12
600159,016017,10000123,大龙地产,房地产,shzb,003,001,2,2013-04-27T00:00:00,2013-03-31T00:00:00,3384138533.13,63114977.68,320793742.16,1.55451805095419,105713620.95,0.548428905389059,2302633772.4,0.220562335492274,1614821103.47,196015286.59,-0.0182995470097765,371256124.99,7.23403964113477,1769317429.66,-0.0498859866376716,0.245754,0.890178,0.02626357,0.4771734631,-,-,-,-,-,-,-,-,-,-,-,-,-,-,-,-,-,-,-,-,-,-,-,-,2019-07-10T12:39:11
600438,016009,10001331,通威股份,农牧饲渔,shzb,003,001,2,2013-04-27T00:00:00,2013-03-31T00:00:00,5228539224.11,1704129162.77,834050729.91,0.632038767632042,290290541.65,0.0375483796489004,1541019137.83,0.367417570686246,3805102990.22,646426215.99,0.2662590557002,984855428.2,0.227078163810203,1423436233.89,0.0418230254995235,0.211913,0.290744,0.00959866,0.7277564205,-,-,-,-,-,-,-,-,-,-,-,-,-,-,-,-,-,-,-,-,-,-,-,-,2019-07-10T12:39:06
000819,016023,10001112,岳阳兴长,石油行业,szzb,003,001,2,2013-04-27T00:00:00,2013-03-31T00:00:00,685387268.0,130778652.35,381515157.75,0.224224812195091,13366263.85,4.29337460515763,32122444.76,-0.312299261058831,62363130.06,16087413.3,0.00910846817754736,8066279.66,-0.167777655810086,623024137.94,0.134725299295268,0.127996,0.06491,0.07259254,0.0909896244,-,-,-,-,-,-,-,-,-,-,-,-,-,-,-,-,-,-,-,-,-,-,-,-,2019-07-10T12:39:05
601901,016027,80000068,方正证券,券商信托,shzb,003,001,2,2013-04-27T00:00:00,2013-03-31T00:00:00,29903584138.75,336105758.9,13122003992.88,-0.187451639091364,-,-,-,-,14760262224.65,-,-,-,-,15143321914.1,0.025340931761934,0.063493,0.105704,-,0.4935950873,-,-,-,-,3790210904.84,0.129230480045559,-,-,-,-,1172665000.0,7.32008631572343,1524644769.81,-0.195259712985537,1700000000.0,-,9591927701.12,-0.13762271661554,-,-,-,-,-,-,2019-07-10T12:39:06
000731,016051,10001046,四川美丰,化肥行业,szzb,003,001,2,2013-04-27T00:00:00,2013-03-31T00:00:00,4371690778.58,1103290609.65,560695527.33,-0.285554863387068,63188380.66,0.378414210490229,374609533.32,0.185308132483695,1554841351.23,184910831.38,0.919836812150247,133021739.64,-0.0295938182580053,2816849427.35,0.307859309744971,0.115867,-0.118555,0.01607803,0.3556613288,-,-,-,-,-,-,-,-,-,-,-,-,-,-,-,-,-,-,-,-,-,-,-,-,2019-07-10T12:39:05
600836,016053,10000785,界龙实业,包装材料,shzb,003,001,2,2013-04-27T00:00:00,2013-03-31T00:00:00,3627588551.29,502986932.6,279419799.21,0.309749329398311,229510577.49,0.0205052741759513,2116540434.12,-0.0606278226206853,3041634738.98,274329706.39,0.326211607201275,1475503022.06,0.145739398366684,585953812.31,0.0377613412677628,0.058997,0.063188,0.00920618,0.8384729128,-,-,-,-,899762.58,0.0218444866993992,-,-,-,-,-,-,-,-,-,-,-,-,-,-,-,-,-,-,2019-07-10T12:39:14
600884,016022,10000833,杉杉股份,电子元件,shzb,003,001,2,2013-04-27T00:00:00,2013-03-31T00:00:00,7690388464.21,890058597.39,874048597.58,0.0782900918592661,1018106732.06,0.36726355137798,911868869.85,0.136603217683401,4090134449.92,602879327.68,0.203925059579855,98815013.61,0.265910784316456,3600254014.29,0.0849983100235699,0.14306,0.199565,0.01100886,0.5318501749,-,-,-,-,1982734100.41,0.12633157524434,-,-,-,-,-,-,-,-,-,-,-,-,-,-,-,-,-,-,2019-07-10T12:39:14
000882,016036,10001151,华联股份,商业百货,szzb,003,001,2,2013-04-27T00:00:00,2013-03-31T00:00:00,8159846625.95,140174404.49,1036250116.02,-0.226990699456672,68534587.19,0.938084027507689,-,-,4664597505.25,389112644.02,1.03574525565105,26384101.99,0.751149985520015,3495249120.7,0.135026398405997,0.385008,0.658754,0.00602111,0.5716525958,-,-,-,-,16041480.0,-0.242881072026801,-,-,-,-,-,-,-,-,-,-,-,-,-,-,-,-,-,-,2019-07-10T12:39:08
600592,016043,10000400,龙溪股份,机械行业,shzb,003,001,2,2013-04-27T00:00:00,2013-03-31T00:00:00,2335112754.14,521047440.45,252773784.73,0.490373593767582,260388466.66,-0.035417636505385,427743880.56,-0.0762274726427181,955701117.92,153873292.7,-0.079577163650917,2765731.39,-0.318836751091957,1379411636.22,0.0811820904554276,0.109201,0.152303,0.01612242,0.4092740773,-,-,-,-,373351388.76,0.179902841256094,-,-,-,-,-,-,-,-,-,-,-,-,-,-,-,-,-,-,2019-07-10T12:39:13
600383,016017,10000307,金地集团,房地产,shzb,003,001,2,2013-04-27T00:00:00,2013-03-31T00:00:00,106031725084.63,224104384.45,18345355327.3,0.051540379432207,9190053.87,4.59949814533096,70456380395.31,0.0681534678159364,74508740284.17,6876019974.11,0.631724712841769,28503509261.73,0.0726276523027229,31522984800.46,0.210846810022594,0.142865,0.116348,0.0185967,0.7027023301,-,-,-,-,-,-,-,-,-,-,-,-,-,-,-,-,-,-,-,-,-,-,-,-,2019-07-10T12:39:12
600516,016040,10000349,方大炭素,材料行业,shzb,003,001,2,2013-04-27T00:00:00,2013-03-31T00:00:00,8781848703.89,1482962852.24,1900599468.43,0.813983799168053,947479882.08,0.312102726332301,1894249766.78,-,4886027009.87,380992295.27,0.123157507068435,78399827.54,-0.615277102737754,3895821694.02,0.0157772097970819,0.206047,0.417801,0.01664311,0.5563779535,-,-,-,-,3149478.09,0.0129032258064515,-,-,-,-,-,-,-,-,-,-,-,-,-,-,-,-,-,-,2019-07-10T12:39:13
000552,016011,10000894,靖远煤电,煤炭采选,szzb,003,001,2,2013-04-27T00:00:00,2013-03-31T00:00:00,5127384416.42,788693675.9,886865773.61,4.13129747467665,298444156.64,0.421377057679771,518302095.49,8.62087786701528,2767981933.02,287802445.2,2.80696292653814,101355595.5,1.80449539118402,2359402483.4,3.38415285432606,4.918211,7.433622,0.00871486,0.5398428727,-,-,-,-,-,-,-,-,-,-,-,-,-,-,-,-,-,-,-,-,-,-,-,-,2019-07-10T12:39:05
600791,016017,10000740,京能置业,房地产,shzb,003,001,2,2013-04-27T00:00:00,2013-03-31T00:00:00,4859071352.44,17886461.47,211952490.3,0.537528877823512,525030.56,0.46087460170529,4180423667.53,0.182698604615114,3114645266.8,169511351.59,-0.366403576298802,605863272.46,-0.395729258310665,1744426085.64,0.120056617573093,0.040171,0.000216,0.01897821,0.640995993,-,-,-,-,10333400.0,0.0590277777777778,-,-,-,-,-,-,-,-,-,-,-,-,-,-,-,-,-,-,2019-07-10T12:39:14
000913,016008,10001177,钱江摩托,交运设备,szzb,003,001,2,2013-04-27T00:00:00,2013-03-31T00:00:00,4050180355.15,742074790.29,287680959.24,0.216232914091575,676940414.29,-0.0748747812558739,949408277.45,-0.00932174526094127,1718233947.5,744692720.44,-0.0668118057454669,169776074.08,2.62189010192551,2331946407.65,0.588968407500351,0.001293,-0.333336,0.01679805,0.4242364035,-,-,-,-,-,-,-,-,-,-,-,-,-,-,-,-,-,-,-,-,-,-,-,-,2019-07-10T12:39:08
000899,016007,10001165,赣能股份,电力行业,szzb,003,001,2,2013-04-27T00:00:00,2013-03-31T00:00:00,6265499071.11,4234744892.76,393840103.6,-0.294565324307171,301688142.08,0.106398573858015,199599183.19,-0.124947662822241,4806758632.99,192075540.86,0.595625086642894,-,-,1458740438.12,0.224689930211849,-0.035571,-0.094001,0.00355822,0.7671788916,-,-,-,-,63540000.0,-,-,-,-,-,-,-,-,-,-,-,-,-,-,-,-,-,-,-,2019-07-10T12:39:07
000538,016024,10000880,云南白药,医药制造,szzb,003,001,2,2013-04-27T00:00:00,2013-03-31T00:00:00,11662426417.83,1301281548.72,1729937065.01,0.770741598230554,928410195.96,0.141452451677405,4704523772.9,0.187965308482501,4266557270.59,2162270475.9,0.0981376031383353,362389699.83,0.0449121950775255,7395869147.24,0.265160525859099,0.190991,0.081124,0.02397832,0.3658378726,-,-,-,-,0.0,-,-,-,-,-,0.0,-,0.0,-,0.0,-,0.0,-,-,-,-,-,-,-,2019-07-10T12:39:05
600749,016038,10000556,西藏旅游,旅游酒店,shzb,003,001,2,2013-04-27T00:00:00,2013-03-31T00:00:00,1136205879.71,180089877.59,72780416.07,-0.424238692924197,20477414.07,-0.448859323908768,12194030.38,0.256998075558678,483201267.75,20676771.9,-0.0248102788075532,17720842.38,-,653004611.96,0.0191460860272249,0.180946,0.503529,0.01530985,0.4252761549,-,-,-,-,-,-,-,-,-,-,-,-,-,-,-,-,-,-,-,-,-,-,-,-,2019-07-10T12:39:06
600265,016030,10000216,ST景谷,木业家具,,003,001,2,2013-04-27T00:00:00,2013-03-31T00:00:00,509513937.32,131200314.96,3176392.43,-0.255117651051767,5906834.75,-0.623797948434548,285311443.33,-0.133654916653212,486372998.91,42250009.92,-0.21977384925219,14035175.64,-0.606861827510852,23140938.41,-0.816999693914349,-0.141028,0.042123,0.00688771,0.954582325,-,-,-,-,-,-,-,-,-,-,-,-,-,-,-,-,-,-,-,-,-,-,-,-,2019-07-10T12:39:11
600027,016007,10001438,华电国际,电力行业,shzb,003,001,2,2013-04-27T00:00:00,2013-03-31T00:00:00,167877224000.0,105823325000.0,4040460000.0,-0.541285247335472,6833586000.0,0.144955565358991,3051608000.0,0.0956013423199502,138937779000.0,11609298000.0,0.477670175274245,242683000.0,-0.305782972612693,28939445000.0,0.211010843943865,0.056899,0.029607,0.00299616,0.8276154185,-,-,-,-,37143000.0,-0.101067305597909,-,-,-,-,-,-,-,-,-,-,-,-,-,-,-,-,-,-,2019-07-10T12:39:08
600055,016047,10000028,万东医疗,医疗行业,shzb,003,001,2,2013-04-27T00:00:00,2013-03-31T00:00:00,1053948940.99,216654972.71,126829945.46,-0.16553348387579,245102878.65,0.1532246295862,258797766.9,0.231066701826019,411416727.21,162958230.93,0.382552951801431,39767561.94,-0.00764190899041343,642532213.78,0.0483972899722271,0.093561,0.172441,0.01713909,0.390357361,-,-,-,-,-,-,-,-,-,-,-,-,-,-,-,-,-,-,-,-,-,-,-,-,2019-07-10T12:39:08
600508,016011,10000343,上海能源,煤炭采选,shzb,003,001,2,2013-04-27T00:00:00,2013-03-31T00:00:00,11659582156.86,6582892106.24,319251597.25,-0.757758661590199,390304864.06,0.433948837186514,777107513.57,-0.212994230221019,3086308902.42,678100067.59,-0.0676057244541179,133456186.95,-0.615811711147831,8573273254.44,0.0754772193275224,0.044767,-0.032015,0.0110385,0.2647015014,-,-,-,-,-,-,-,-,-,-,-,-,-,-,-,-,-,-,-,-,-,-,-,-,2019-07-10T12:39:13
600892,016039,10000560,大晟文化,文化传媒,shzb,003,001,2,2013-04-27T00:00:00,2013-03-31T00:00:00,261968971.32,13137226.15,16422658.62,26.646627212237,30246780.09,1.86693871683563,7938466.7,-,247158495.08,4187322.12,-0.892042470493088,16618150.35,13.7716892,14810476.24,1.56709744068225,0.087632,-0.074237,0.00673762,0.9434647693,-,-,-,-,-,-,-,-,-,-,-,-,-,-,-,-,-,-,-,-,-,-,-,-,2019-07-10T12:39:14
600490,016032,10001281,鹏欣资源,有色金属,shzb,003,001,2,2013-04-27T00:00:00,2013-03-31T00:00:00,4387692217.82,1539957374.89,912669079.32,3.72235742303545,532917485.39,25.3184520398213,159507755.63,1.17374743016214,1493666520.24,572504190.75,225.533080981153,6486666.32,1.77303588283972,2894025697.58,24.4269807091945,9.907053,4.178015,0.02659598,0.3404218997,-,-,-,-,-,-,-,-,-,-,-,-,-,-,-,-,-,-,-,-,-,-,-,-,2019-07-10T12:39:13
000981,016035,10001231,ST银亿,汽车行业,,003,001,2,2013-04-27T00:00:00,2013-03-31T00:00:00,19344434732.27,878001356.1,590244103.25,0.429859869111732,35481124.5,-0.286130485095562,14260109195.88,0.254816904853048,15336918893.37,902549089.54,-0.248231994698673,4193357818.01,0.197929972458395,4007515838.9,0.200392790307249,0.186764,0.183254,0.01425557,0.792833655,-,-,-,-,0.0,-,-,-,-,-,0.0,-,0.0,-,0.0,-,0.0,-,-,-,-,-,-,-,2019-07-10T12:39:05
601007,016038,80092271,金陵饭店,旅游酒店,shzb,003,001,2,2013-04-27T00:00:00,2013-03-31T00:00:00,2469676038.6,189777538.91,406530887.28,-0.162102837805439,57962088.31,0.022745499345695,240835291.4,0.310924959733207,535336086.54,98633595.12,0.424083487964723,90116262.08,-0.0496209006105614,1934339952.06,0.0919955347064139,0.053962,-0.063853,0.02345711,0.2167636881,-,-,-,-,-,-,-,-,-,-,-,-,-,-,-,-,-,-,-,-,-,-,-,-,2019-07-10T12:39:14
600658,016017,10000465,电子城,房地产,shzb,003,001,2,2013-04-27T00:00:00,2013-03-31T00:00:00,4309676103.51,25484612.98,2384917329.42,0.636063473058435,93977914.1,3.15813293478545,1123649051.64,-0.230977043768888,1696373261.09,108306338.96,0.00167313544291681,278841376.13,-0.606092810936362,2613302842.42,0.318411152945311,0.184071,0.023423,0.02195602,0.3936196643,-,-,-,-,60437400.0,0.367417677642981,-,-,-,-,-,-,-,-,-,-,-,-,-,-,-,-,-,-,2019-07-10T12:39:13
601668,016005,80120315,中国建筑,工程建设,shzb,003,001,2,2013-04-27T00:00:00,2013-03-31T00:00:00,671532888000.0,16973738000.0,111468834000.0,0.417888856524848,82084779000.0,0.16497709643327,272355071000.0,0.748085370291438,526898489000.0,159777620000.0,0.263769323054228,100583133000.0,0.915576536392411,144634399000.0,0.181523676914674,0.279146,0.308831,0.01379149,0.7846205278,-,-,-,-,1331870000.0,0.0463897600925187,-,-,-,-,-,-,-,-,-,-,-,-,-,-,-,-,-,-,2019-07-10T12:39:15
600470,016051,10001333,六国化工,化肥行业,shzb,003,001,2,2013-04-27T00:00:00,2013-03-31T00:00:00,6706952318.87,3111711120.65,456836702.52,-0.308285261628945,175133759.48,0.994588120606272,1351393525.65,0.546244683698605,4196323567.44,675145454.84,0.283653843989016,513374700.91,0.57191118357421,2510628751.43,-0.00410328722905113,0.298487,0.586973,0.0095086,0.6256677203,-,-,-,-,-,-,-,-,-,-,-,-,-,-,-,-,-,-,-,-,-,-,-,-,2019-07-10T12:39:13
600100,016014,10000073,同方股份,电子信息,shzb,003,001,2,2013-04-27T00:00:00,2013-03-31T00:00:00,34085613413.37,3930585337.63,3374920764.46,-0.190054203596418,4744293497.68,0.202664838384135,6422771781.65,0.188540800690438,22628713602.5,5373752168.6,0.201395427009942,2115867458.44,0.233110562316738,11456899810.87,0.155843527106338,0.132024,0.120334,0.00959,0.6638787258,-,-,-,-,6480071.64,0.0777998205363384,-,-,-,-,-,-,-,-,-,-,-,-,-,-,-,-,-,-,2019-07-10T12:39:08
300340,016040,80167143,科恒股份,材料行业,cyb,003,001,2,2013-04-27T00:00:00,2013-03-31T00:00:00,1134272876.72,52950860.95,527133690.14,-,199053366.42,-,147752396.27,-,205073385.14,94155213.18,-,3344325.23,-,929199491.58,-,-,-,0.05274793,0.180797222,-,-,-,-,-,-,-,-,-,-,-,-,-,-,-,-,-,-,-,-,-,-,-,-,2019-07-10T12:39:05
600887,016012,10000836,伊利股份,食品饮料,shzb,003,001,2,2013-04-27T00:00:00,2013-03-31T00:00:00,24954695013.8,9437049423.57,6625049576.14,1.58301214893995,311125655.03,0.0246691639299523,3151326764.79,0.00908828457291493,11935571984.35,5663156974.96,0.20155169530855,1165195625.57,-0.28079757353929,13019123029.45,0.946279637257638,0.289492,-0.057453,0.0100424,0.4782896356,-,-,-,-,20600064.0,0.295742900247291,-,-,-,-,-,-,-,-,-,-,-,-,-,-,-,-,-,-,2019-07-10T12:39:14
000782,016026,10001080,美达股份,化纤行业,szzb,003,001,2,2013-04-27T00:00:00,2013-03-31T00:00:00,2195498266.21,813149860.43,178996981.32,-0.363878932769533,80558395.26,-0.225223921839886,429104944.58,0.0421499076639275,1090827705.21,87044047.59,0.593340748521563,47054110.14,-0.421806861868307,1104670561.0,0.00117016898799382,-0.011641,-0.024286,0.01028987,0.4968474455,-,-,-,-,14579475.3,0.0,-,-,-,-,-,-,-,-,-,-,-,-,-,-,-,-,-,-,2019-07-10T12:39:08
600006,016035,10000006,东风汽车,汽车行业,shzb,003,001,2,2013-04-27T00:00:00,2013-03-31T00:00:00,18924171528.53,3833810552.25,2857256254.42,0.0968308569377369,985739763.81,-0.143280465029998,2564432349.92,-0.11311042705095,11452781710.21,4260206269.85,-0.198433788732596,885907913.26,0.231347610992593,7471389818.32,-0.0150219117464508,-0.031281,-0.041602,0.0116345,0.6051932944,-,-,-,-,57060000.0,-,-,-,-,-,-,-,-,-,-,-,-,-,-,-,-,-,-,-,2019-07-10T12:39:07
600277,016041,10000224,亿利洁能,化工行业,shzb,003,001,2,2013-04-27T00:00:00,2013-03-31T00:00:00,19824188071.66,5383119355.4,1887343200.45,0.897158774167438,1743178314.92,0.541912144171079,1241684222.71,-0.0559986278086875,13056443283.33,1633961643.38,0.33408451377281,140472563.87,-0.372762755778357,6767744788.33,0.0323028267372687,0.209252,0.327172,0.00662656,0.6586117543,-,-,-,-,-,-,-,-,-,-,-,-,-,-,-,-,-,-,-,-,-,-,-,-,2019-07-10T12:39:11
600396,016007,10000316,*ST金山,电力行业,,003,001,2,2013-04-27T00:00:00,2013-03-31T00:00:00,14984563921.11,12595555866.81,579319634.51,-0.00683468258482134,364319546.61,-0.112332666361745,151226285.88,0.500103441680792,12913452561.52,1089577017.31,0.0391599008314663,2012674.7,-0.506491949886807,2071111359.59,0.0825846195443417,0.049828,0.044757,0.00244463,0.8617836748,-,-,-,-,-,-,-,-,-,-,-,-,-,-,-,-,-,-,-,-,-,-,-,-,2019-07-10T12:39:12
600537,016022,10001251,亿晶光电,电子元件,shzb,003,001,2,2013-04-27T00:00:00,2013-03-31T00:00:00,4746772856.02,2420678195.44,509463893.22,-0.438366928963553,555796247.49,0.104967271264955,498468213.86,-0.308550005349748,3584256881.47,827562075.74,0.179605102466507,23167977.6,1.13045540310395,1162515974.55,-0.362417920459232,-0.088308,0.059418,0.00633931,0.7550934056,-,-,-,-,-,-,-,-,-,-,-,-,-,-,-,-,-,-,-,-,-,-,-,-,2019-07-10T12:39:15
600639,016017,10000446,浦东金桥,房地产,shzb,003,001,2,2013-04-27T00:00:00,2013-03-31T00:00:00,9603569107.93,127967993.15,490795411.12,-0.268399632292548,89163878.82,-0.439146010354253,2083071375.17,0.0184363718217969,4737754895.79,161756164.17,-0.337652120493754,124888743.35,1.6757249404359,4865814212.14,0.0694671489333675,0.044534,0.020109,0.00741491,0.4933327227,-,-,-,-,35521896.62,1.26682440923983e-07,-,-,-,-,-,-,-,-,-,-,-,-,-,-,-,-,-,-,2019-07-10T12:39:13
000534,016024,10000876,万泽股份,医药制造,szzb,003,001,2,2013-04-27T00:00:00,2013-03-31T00:00:00,3080309225.07,22399101.1,154675473.84,0.0743653922691157,197886033.19,4.84761599169723,1608983458.02,0.0755670518385722,1908678281.76,60570736.34,-0.417511738311588,279278759.9,0.423987732535546,1171630943.31,0.140839942211324,0.068422,0.028351,0.01365472,0.6196385305,-,-,-,-,-,-,-,-,-,-,-,-,-,-,-,-,-,-,-,-,-,-,-,-,2019-07-10T12:39:08
600657,016017,10000464,信达地产,房地产,shzb,003,001,2,2013-04-27T00:00:00,2013-03-31T00:00:00,19614093677.4,151798371.27,1747536946.03,-0.00247064259992821,156262452.88,1.33773757345572,13690154294.0,0.350343593312043,12616901567.45,886698317.4,0.399601597126412,2768848075.11,0.279261825000796,6997192109.95,0.0374057579101477,0.313556,0.54106,0.02365048,0.6432569241,-,-,-,-,179758143.18,-0.224832214765101,-,-,-,-,-,-,-,-,-,-,-,-,-,-,-,-,-,-,2019-07-10T12:39:13
600888,016032,10000837,新疆众和,有色金属,shzb,003,001,2,2013-04-27T00:00:00,2013-03-31T00:00:00,7871909425.5,3671721035.64,484085097.76,-0.723930044635502,424295863.71,1.20456042368169,930327159.64,0.442803269389727,4130217458.56,546914426.65,0.192770336722694,6984237.3,-0.297111435382255,3741691966.94,0.0408479549572337,0.117243,0.196823,0.01449709,0.5246779701,-,-,-,-,1243440.0,0.0,-,-,-,-,-,-,-,-,-,-,-,-,-,-,-,-,-,-,2019-07-10T12:39:14
600735,016037,10000542,新华锦,国际贸易,shzb,003,001,2,2013-04-27T00:00:00,2013-03-31T00:00:00,917149544.67,99456519.98,150946178.65,1.37403291977431,109331413.14,1.28799514436491,280031650.17,3.59570267872168,313347245.38,87433415.76,0.995712400304245,14544855.99,0.230827903536646,603802299.29,1.34809283628519,1.052563,0.65193,0.02060866,0.3416533838,-,-,-,-,-,-,-,-,-,-,-,-,-,-,-,-,-,-,-,-,-,-,-,-,2019-07-10T12:39:14
600325,016017,10001329,华发股份,房地产,shzb,003,001,2,2013-04-27T00:00:00,2013-03-31T00:00:00,31473090873.44,492425036.36,5168982068.83,0.933820105682009,2827280.7,1.40018790408419,23005011197.63,0.295662658498695,22018053283.22,1512937902.49,-0.138604713281962,4612320250.4,0.0922830271542137,9455037590.22,0.357751822333668,0.324846,0.3112,0.02677094,0.6995834433,-,-,-,-,5402732.67,0.0,-,-,-,-,-,-,-,-,-,-,-,-,-,-,-,-,-,-,2019-07-10T12:39:12
600807,016052,10000756,ST天业,贵金属,,003,001,2,2013-04-27T00:00:00,2013-03-31T00:00:00,2622379083.3,44204716.51,201633524.2,0.552677567265016,405553.81,-0.807755538484595,1885285564.08,0.13531806649858,1999345427.52,135305043.97,1.0373375383581,684413226.68,-0.0117119555305748,623033655.78,0.137701611238769,0.247302,0.285904,0.018555,0.7624166316,-,-,-,-,-,-,-,-,-,-,-,-,-,-,-,-,-,-,-,-,-,-,-,-,2019-07-10T12:39:14
600600,016031,10000407,青岛啤酒,酿酒行业,shzb,003,001,2,2013-04-27T00:00:00,2013-03-31T00:00:00,25192960727.0,8419134424.0,8391102449.0,0.207178192022716,202787436.0,0.78780081480103,2166029126.0,-0.0533002071766507,11898884446.0,2259869200.0,0.2073757500311,698923472.0,0.159069008331091,13294076281.0,0.128436496226047,0.131661,0.135285,0.01375937,0.4723098875,-,-,-,-,-,-,-,-,-,-,-,-,-,-,-,-,-,-,-,-,-,-,-,-,2019-07-10T12:39:13
000759,016036,10001063,中百集团,商业百货,szzb,003,001,2,2013-04-27T00:00:00,2013-03-31T00:00:00,8030551683.0,2541011727.64,1470567536.58,0.242889418381187,85399834.44,-0.223636111251164,1755898451.65,0.148496766564516,5032424949.49,1693662227.52,0.141118786358845,1786863827.65,0.167863653390935,2998126733.51,0.046019690573986,0.103926,0.141576,0.00770716,0.6266599292,-,-,-,-,-,-,-,-,-,-,-,-,-,-,-,-,-,-,-,-,-,-,-,-,2019-07-10T12:39:05
000608,016017,10000944,阳光股份,房地产,szzb,003,001,2,2013-04-27T00:00:00,2013-03-31T00:00:00,7683930000.0,22956000.0,739908000.0,0.249137734558991,14869000.0,0.609024997294665,3490040000.0,1.29496468162169,4327541000.0,519037000.0,-0.00114888556176078,260214000.0,1.46209598062221,3356389000.0,0.100077055465186,0.231178,0.356566,0.01884662,0.5631937043,-,-,-,-,-,-,-,-,-,-,-,-,-,-,-,-,-,-,-,-,-,-,-,-,2019-07-10T12:39:08
000826,016048,10001118,启迪环境,环保工程,szzb,003,001,2,2013-04-27T00:00:00,2013-03-31T00:00:00,5713432216.98,451402883.73,1100470945.07,2.74170281236049,1857971585.72,0.555534449575418,38457653.68,0.0340652181395213,1687495290.22,405949055.25,0.598471180953192,29951843.78,-0.240884129084548,4025936926.76,1.23132473910328,0.463067,-0.196746,0.030278,0.2953557907,-,-,-,-,-,-,-,-,-,-,-,-,-,-,-,-,-,-,-,-,-,-,-,-,2019-07-10T12:39:08
000413,016022,10000686,东旭光电,电子元件,szzb,003,001,2,2013-04-27T00:00:00,2013-03-31T00:00:00,3109766775.89,50297110.2,618188361.53,44.9421829654162,638832865.57,2.73680639729265,244091150.73,1.53837890865278,2516333521.02,90160384.96,0.556611917799924,3485474.82,0.516482233887446,593433254.87,0.919015831430753,4.226495,7.805694,0.01454833,0.809171138,-,-,-,-,-,-,-,-,-,-,-,-,-,-,-,-,-,-,-,-,-,-,-,-,2019-07-10T12:39:08
